wall_ts,attack_type,description
1786225873.2009518,ghost,fabricated vessel
1786225873.20248,impersonate,own_mmsi=367999555
1786225875.203307,impersonate,own_mmsi=367999555
1786225875.2039747,ghost,fabricated vessel
1786225877.2043548,impersonate,own_mmsi=367999555
1786225877.2049031,ghost,fabricated vessel
1786225879.205844,impersonate,own_mmsi=367999555
1786225879.2058647,ghost,fabricated vessel
1786225881.206694,ghost,fabricated vessel
1786225881.2067332,impersonate,own_mmsi=367999555
1786225883.2087412,impersonate,own_mmsi=367999555
1786225883.2093277,ghost,fabricated vessel
1786225885.2107036,impersonate,own_mmsi=367999555
1786225885.211084,ghost,fabricated vessel
1786225887.21221,impersonate,own_mmsi=367999555
1786225887.2127593,ghost,fabricated vessel
1786225889.2133462,impersonate,own_mmsi=367999555
1786225889.2140625,ghost,fabricated vessel
1786225891.2150297,ghost,fabricated vessel
1786225891.2154677,impersonate,own_mmsi=367999555
