wall_ts,mode,true_north_m,true_east_m,forged_north_m,forged_east_m
1785335481.2941175,ramp,-9.0941370594135e-14,-0.002453435715294113,-9.094102544629134e-14,0.0031832563318250277
1785335481.7980914,ramp,-9.114040209012571e-14,-0.0024588799817074065,-9.112462662047285e-14,0.2551740908282291
1785335482.3020902,ramp,-9.133964493958768e-14,-0.0024642825348424498,-9.130843899483689e-14,0.507167470432992
1785335482.8059683,ramp,-9.153906243422795e-14,-0.0024696516211608803,-9.149242937213254e-14,0.7591060472313782
1785335483.3101315,ramp,-9.173878679345897e-14,-0.002475140520529522,-9.16767183072292e-14,1.011180164388223
1785335483.8140604,ramp,-9.193861904497805e-14,-0.0024804825761953883,-9.186112183552164e-14,1.2631449942609627
1785335484.3181536,ramp,-9.213877834561885e-14,-0.002485974084829599,-9.204584785807044e-14,1.5151840612774141
1785335484.8221688,ramp,-9.233907620739464e-14,-0.0024913821352672808,-9.223071517175365e-14,1.7671786274777699
1785335485.3260474,ramp,-9.253962904589228e-14,-0.002496803142426172,-9.241584092210454e-14,2.0191166755181573
1785335485.8300743,ramp,-9.274041280910518e-14,-0.0025023074318544355,-9.260119329048707e-14,2.2711249737571104
1785335486.3341537,ramp,-9.294136644423908e-14,-0.002507680044477939,-9.278671442857158e-14,2.5231514042755903
1785335486.8380818,ramp,-9.314260532827848e-14,-0.0025132130607180645,-9.29725252025393e-14,2.775106029607434
1785335487.3420086,ramp,-9.334400281316078e-14,-0.002518628989248462,-9.315849397879389e-14,3.02707054718873
1785335487.845964,ramp,-9.354565440348386e-14,-0.0025241036171520783,-9.334471678749463e-14,3.2790361981635487
1785335488.3500624,ramp,-9.374752411136644e-14,-0.0025296180302649125,-9.3531152852312e-14,3.531081202739999
1785335488.8542316,ramp,-9.394958390454068e-14,-0.0025350283584977627,-9.371777735274224e-14,3.7831532527007674
1785335489.35814,ramp,-9.415190652482095e-14,-0.0025405960591383695,-9.390467204543742e-14,4.035104863115971
1785335489.8621497,ramp,-9.435441101264682e-14,-0.0025460241914550237,-9.409174594137393e-14,4.287100124490186
1785335490.3661382,ramp,-9.455714339845521e-14,-0.0025515519493208524,-9.427904769879565e-14,4.539095882285299
1785335490.8700008,ramp,-9.47601277413356e-14,-0.002557072968280331,-9.446660534770031e-14,4.791027393012249
1785335491.3741436,ramp,-9.496325777789489e-14,-0.0025625274132713978,-9.465429979223759e-14,5.043104286437131
1785335491.8780894,ramp,-9.516670611456436e-14,-0.0025681225039028864,-9.484231971955737e-14,5.295063737275455
1785335492.3821552,ramp,-9.537027166353986e-14,-0.0025735687172572983,-9.50304527057883e-14,5.54709116707681
1785335492.886077,ramp,-9.557413381557963e-14,-0.0025791469694822653,-9.5218886725858e-14,5.799046104800537
1785335493.3901901,ramp,-9.577818402846198e-14,-0.0025846731410239746,-9.540750384313494e-14,6.051082156921842
1785335493.8940816,ramp,-9.598242794993567e-14,-0.002590176767736878,-9.559631939175624e-14,6.3030411031776366
1785335494.3981314,ramp,-9.618696762803328e-14,-0.002595792142230944,-9.578542732464923e-14,6.555055012377422
1785335494.9021645,ramp,-9.63916184998088e-14,-0.0026012633321802563,-9.597464660450885e-14,6.807066562366672
1785335495.4061544,ramp,-9.659660074515775e-14,-0.002606887538082674,-9.616419865943896e-14,7.059055071156376
1785335495.909914,ramp,-9.680171123076262e-14,-0.0026124196025589116,-9.635388580152197e-14,7.310931853773906
1785335496.4141514,ramp,-9.700709121977621e-14,-0.002617975682444721,-9.654382844664224e-14,7.563037255793385
1785335496.9180822,ramp,-9.721268652050709e-14,-0.002623605064859389,-9.67339946591733e-14,7.815007758803854
1785335497.4220598,ramp,-9.741846590802978e-14,-0.0026291085204023647,-9.692434518477953e-14,8.066974692253218
1785335497.9258935,ramp,-9.76245193049021e-14,-0.002634772645970578,-9.711497174898634e-14,8.318908324850062
1785335498.430138,ramp,-9.783074155814078e-14,-0.002640313467922141,-9.73057567386258e-14,8.571012430825292
1785335498.934077,ramp,-9.803720817713508e-14,-0.002645923184207523,-9.749679475118488e-14,8.822975085688778
1785335499.4381804,ramp,-9.82439042022286e-14,-0.0026515616950867427,-9.768805687043251e-14,9.075024257701886
1785335499.9419067,ramp,-9.845077687663488e-14,-0.002657104438734409,-9.787950704805473e-14,9.326887201362657
1785335500.4461331,ramp,-9.865792676750278e-14,-0.0026628015029979205,-9.807121974101858e-14,9.578990078211968
1785335500.9500568,ramp,-9.886524624237525e-14,-0.002668355809734311,-9.826311198905448e-14,9.83093025792928
1785335501.454182,ramp,-9.90728032307032e-14,-0.0026740181518148816,-9.84552338087293e-14,10.083000029318278
1785335501.958099,ramp,-9.928060644185257e-14,-0.002679662747681732,-9.864760946456624e-14,10.33494548316449
1785335502.4620175,ramp,-9.948855575789655e-14,-0.00268525090017222,-9.884013034936214e-14,10.586905298568823
1785335502.966021,ramp,-9.969683082581767e-14,-0.002690973606725692,-9.903297483999283e-14,10.83890002695022
1785335503.470276,ramp,-9.990520882417749e-14,-0.0026965475587394836,-9.922591460392476e-14,11.091019954630896
1785335561.334332,ramp,-1.25294542480128e-13,-0.0033844115576953113,-1.2529447480679963e-13,-0.0022792222342700183
1785335561.8381786,ramp,-1.2552843316526832e-13,-0.003390804988890551,-1.2551293919943473e-13,0.2496448595695201
1785335562.3420684,ramp,-1.2576252062718515e-13,-0.003397114596153037,-1.25731600142563e-13,0.5015727206852191
1785335562.8462,ramp,-1.2599679572358023e-13,-0.003403438908248261,-1.2595044034768455e-13,0.7536373001512
1785335563.3501542,ramp,-1.2623137831199159e-13,-0.0034098437881761143,-1.2616959262888565e-13,1.0056269356155103
1785335563.8540514,ramp,-1.2646605740905582e-13,-0.0034161196862101087,-1.2638884484218812e-13,1.2575607909049153
1785335564.358078,ramp,-1.267010849739157e-13,-0.003422554025176559,-1.2660844085162942e-13,1.5095707816987003
1785335564.8621616,ramp,-1.2693623364794437e-13,-0.003428871757301948,-1.268281564884484e-13,1.7616050885851053
1785335565.366177,ramp,-1.2717164421025658e-13,-0.0034352492066338867,-1.270481364661707e-13,2.0135992814330144
1785335565.8699923,ramp,-1.2740730159494007e-13,-0.003441664110798091,-1.2726836871896373e-13,2.2655043874867973
1785335566.3739789,ramp,-1.276430909747907e-13,-0.003447977707021828,-1.274887271638502e-13,2.517504366233713
1785335566.8781173,ramp,-1.2787922559688292e-13,-0.0034544461901098167,-1.2770942815747614e-13,2.769548178321609
1785335567.3820388,ramp,-1.2811545249908208e-13,-0.003460776384510328,-1.2793022700799933e-13,3.0215010528009754
1785335567.8863187,ramp,-1.283519958876377e-13,-0.0034672063978495155,-1.281513308482236e-13,3.273641582092446
1785335568.390059,ramp,-1.285887166939219e-13,-0.0034736279325379266,-1.2837263001906045e-13,3.5254895802660093
1785335568.8941543,ramp,-1.2882564221435704e-13,-0.003479985498136638,-1.2859412075041458e-13,3.7775524575484334
1785335569.3983448,ramp,-1.2906284794281513e-13,-0.003486480922780577,-1.2881589074816083e-13,4.029630574970164
1785335569.9021401,ramp,-1.293001954329481e-13,-0.0034928294286576847,-1.290378135954674e-13,4.281527760399833
1785335570.406195,ramp,-1.2953782862349136e-13,-0.0034993093227230505,-1.292600149094157e-13,4.53354295084726
1785335570.9101267,ramp,-1.2977565505972102e-13,-0.003505736139947321,-1.2948241281950424e-13,4.785503477307623
1785335571.4141183,ramp,-1.3001367687833054e-13,-0.003512142606935031,-1.2970500444039545e-13,5.037491323045531
1785335571.9178832,ramp,-1.3025198919667558e-13,-0.0035186579827280527,-1.2992789248088727e-13,5.289382381140807
1785335572.422302,ramp,-1.3049042844154232e-13,-0.003525031630329284,-1.301508893452307e-13,5.541569220002361
1785335572.9262323,ramp,-1.30729172612068e-13,-0.0035315568557080256,-1.3037420499691473e-13,5.793529528845281
1785335573.4300482,ramp,-1.3096809163494921e-13,-0.003537989772691926,-1.305976988003119e-13,6.045436047397718
1785335573.9341705,ramp,-1.312072151803913e-13,-0.003544448288515664,-1.3082138814063006e-13,6.297489286986753
1785335574.4379537,ramp,-1.3144663978397738e-13,-0.00355097746855972,-1.3104538870724526e-13,6.549376397371223
1785335574.9421046,ramp,-1.3168615472845793e-13,-0.0035573834501811366,-1.3126946824219037e-13,6.801449359027236
1785335575.4462013,ramp,-1.319260369892324e-13,-0.0035639480037343205,-1.314939168890975e-13,7.053492836626088
1785335575.9499638,ramp,-1.32166011820983e-13,-0.003570389926509088,-1.3171846850141712e-13,7.3053666828273975
1785335576.454002,ramp,-1.3240628359032924e-13,-0.0035769015704434698,-1.319433090146228e-13,7.557371708735342
1785335576.9581883,ramp,-1.3264676624453722e-13,-0.0035834398059028452,-1.3216835480670207e-13,7.809468260786138
1785335577.4620488,ramp,-1.3288741315426604e-13,-0.0035898850246541517,-1.3239357544582407e-13,8.061391933174503
1785335577.9662127,ramp,-1.331283810211578e-13,-0.003596481992970605,-1.3261910885941017e-13,8.313449087426891
1785335578.4700236,ramp,-1.333694563879732e-13,-0.0036029376511826205,-1.3284475978048467e-13,8.565342947053407
1785335578.973981,ramp,-1.3361084293328496e-13,-0.003609501338002898,-1.3307071655144702e-13,8.817323721432688
1785335579.4780354,ramp,-1.3385240510926677e-13,-0.003616045705724315,-1.332968459384009e-13,9.069353748567652
1785336077.3460882,ramp,-5.297010850223616e-13,-0.015280920579761006,-5.297010068013081e-13,-0.014003473832934835
1785336077.8502285,ramp,-5.303595221860822e-13,-0.015295194326438536,-5.303440094606269e-13,0.23804683810611763
1785336078.3541732,ramp,-5.310114267832649e-13,-0.015309415019118285,-5.309804849039145e-13,0.4900098226899271
1785336078.8581922,ramp,-5.316715297753153e-13,-0.015323752599378368,-5.316251562821505e-13,0.7420128639167349
1785336079.3621163,ramp,-5.323233063563287e-13,-0.0153379656737384,-5.322615048041886e-13,0.9939579747254316
1785336079.8662362,ramp,-5.329837856343545e-13,-0.015352291289320042,-5.329065499062883e-13,1.24600287037755
1785336080.3700662,ramp,-5.336367556250794e-13,-0.015366571163699008,-5.335440945023421e-13,1.4979044029955417
1785336080.8743765,ramp,-5.342963927067673e-13,-0.015380835131700509,-5.341882925101638e-13,1.750029349728529
1785336081.3780723,ramp,-5.349515547726921e-13,-0.01539519115195778,-5.348280321887965e-13,2.0018816919733475
1785336081.882089,ramp,-5.356096489801112e-13,-0.01540942738462361,-5.354706951984707e-13,2.253878039618245
1785336082.3860703,ramp,-5.362673798832833e-13,-0.015423793025971974,-5.36112996590074e-13,2.5058467205085737
1785336082.8901892,ramp,-5.369238621431199e-13,-0.015438079762248669,-5.367540444185034e-13,2.7578958273651315
1785336083.3941603,ramp,-5.375839681184923e-13,-0.015452389628902002,-5.373987214297669e-13,3.0098556233334395
1785336083.8982003,ramp,-5.382392400845727e-13,-0.015466758885235712,-5.380385610593861e-13,3.261870434603839
1785336084.4021373,ramp,-5.389011606273713e-13,-0.015481024379310739,-5.386850525431826e-13,3.513831824665489
1785336084.90601,ramp,-5.39555909286653e-13,-0.015495424913179932,-5.393243749610554e-13,3.7657470649015785
1785336085.4101026,ramp,-5.402188444892097e-13,-0.015509721016227218,-5.399718763599587e-13,4.0177859103924645
1785336085.9143345,ramp,-5.408739761801744e-13,-0.015524077643897615,-5.40611571429677e-13,4.2698707101444935
1785336086.4180355,ramp,-5.415369292761065e-13,-0.015538456130663325,-5.412591025981832e-13,4.521715519737562
1785336086.922137,ramp,-5.421934959916352e-13,-0.015552756729765561,-5.41900235013695e-13,4.773762466964082
1785336087.42615,ramp,-5.428554242061923e-13,-0.015567186262295623,-5.425467333006139e-13,5.025737878892734
1785336087.9299762,ramp,-5.435143682970089e-13,-0.015581495778665915,-5.431902519529626e-13,5.277640097124471
1785336088.4340823,ramp,-5.441745357034162e-13,-0.015595898190951961,-5.438349853951282e-13,5.529681458910488
1785336088.9381573,ramp,-5.448362850823141e-13,-0.015610283460967529,-5.444813020652923e-13,5.781702333840974
1785336089.4421449,ramp,-5.454946453310609e-13,-0.015624624219817397,-5.451242318243423e-13,6.033687013658601
1785336089.946117,ramp,-5.461588398629103e-13,-0.0156390766288827,-5.457729968081256e-13,6.28565620382766
1785336090.4501476,ramp,-5.468161293413764e-13,-0.01565340477859802,-5.464148547676705e-13,6.537657704764249
1785336090.9541209,ramp,-5.474817387583713e-13,-0.015667850248860825,-5.470650346657972e-13,6.789626425034952
1785336091.458105,ramp,-5.481391621647513e-13,-0.015682241632367696,-5.477070276992717e-13,7.04160914687929
1785336091.9620929,ramp,-5.488049389444732e-13,-0.01569662635909111,-5.483573745586549e-13,7.293584484404459
1785336092.4659312,ramp,-5.494636678007211e-13,-0.015711095846918075,-5.490006773194832e-13,7.545497271500799
1785336092.9700766,ramp,-5.501286075667726e-13,-0.01572544854944292,-5.496501823037531e-13,7.7975520344370075
1785336093.474115,ramp,-5.507894268509096e-13,-0.015739932847519154,-5.502955699667764e-13,8.04955504815529
1785336093.9779713,ramp,-5.514529783104089e-13,-0.01575433151023581,-5.50943695316257e-13,8.301468144495319
1785336094.4823925,ramp,-5.521162194904737e-13,-0.01576876242175796,-5.515914931741677e-13,8.553662304091304
1785336094.986147,ramp,-5.527782489377612e-13,-0.015783244037827077,-5.522380998472916e-13,8.805520838832656
1785336095.490001,ramp,-5.534438613457123e-13,-0.015797627375124933,-5.528882856707588e-13,9.057441699101926
1785337189.6935847,ramp,-6.195238104141684e-16,-1.3174860960773004e-05,-6.192339779067551e-16,0.004720149189942548
1785337190.1973283,ramp,-6.35987072606016e-16,-1.3486658058167588e-05,-6.202740352665566e-16,0.2565998870983505
1785337190.701499,ramp,-6.526807046542664e-16,-1.3958134012724184e-05,-6.215322358809898e-16,0.5086791408878989
1785337191.2053864,ramp,-6.695782092081824e-16,-1.4342180055013909e-05,-6.230023019138882e-16,0.7606279479353014
1785337191.7093983,ramp,-6.867010668335025e-16,-1.4736026997774516e-05,-6.246938960991889e-16,1.0126392108495281
1785337192.2133083,ramp,-7.040335885575095e-16,-1.522281842002527e-05,-6.265986873236287e-16,1.2645926835231327
1785337192.7175329,ramp,-7.215858068581273e-16,-1.556517293492518e-05,-6.287149194311847e-16,1.5166811263401265
1785337193.2214253,ramp,-7.393542404132001e-16,-1.608015552682196e-05,-6.310548049467509e-16,1.7686479222629912
1785337193.7253683,ramp,-7.573357619604645e-16,-1.6470573425596913e-05,-6.336073769840027e-16,2.0206213992614743
1785337194.2294784,ramp,-7.755375754495814e-16,-1.6920449560982195e-05,-6.363754452154273e-16,2.2726731373049556
1785337194.7334273,ramp,-7.93951109364095e-16,-1.7416681810824864e-05,-6.393603872936518e-16,2.5246406672338995
1785337195.2375388,ramp,-8.12585934479544e-16,-1.779737042656234e-05,-6.42560912392164e-16,2.7767015343709063
1785337195.7414546,ramp,-8.314295725781388e-16,-1.8348556097120204e-05,-6.4597703167564e-16,3.0286514855808657
1785337196.2455597,ramp,-8.504990437184747e-16,-1.874988182270413e-05,-6.496127210609649e-16,3.2807038682212046
1785337196.749454,ramp,-8.697729349513082e-16,-1.9255440418545293e-05,-6.534594511524031e-16,3.5326480238030507
1785337197.2534428,ramp,-8.89276017378683e-16,-1.9757160926514994e-05,-6.575322409684363e-16,3.784643324008202
1785337197.7573535,ramp,-9.089815309791655e-16,-2.0183191929049727e-05,-6.618098123849029e-16,4.036600314511623
1785337198.2613943,ramp,-9.289162377728666e-16,-2.0762715729242375e-05,-6.663123068082979e-16,4.288626888956634
1785337198.7654772,ramp,-9.49056403089596e-16,-2.1181199696679693e-05,-6.710197414927955e-16,4.540662088301036
1785337199.2694614,ramp,-9.694195226096619e-16,-2.173976473462041e-05,-6.759523421181438e-16,4.7926610271496335
1785337199.773593,ramp,-9.899961400596385e-16,-2.224523361634627e-05,-6.810947836420673e-16,5.044719742948452
1785337200.2773209,ramp,-1.0107873304082786e-15,-2.2722213841484522e-05,-6.864634991050356e-16,5.296587394744777
1785337200.7813153,ramp,-1.0318007979007133e-15,-2.3322361050519466e-05,-6.920469513657512e-16,5.548578066570224
1785337201.2853239,ramp,-1.0530192687037004e-15,-2.3765401334973684e-05,-6.9783420982496505e-16,5.800588445826082
1785337201.7894342,ramp,-1.0744682298744615e-15,-2.437221168352684e-05,-7.03848965871818e-16,6.052647537120592
1785337202.2935402,ramp,-1.096118654768963e-15,-2.488205685341934e-05,-7.100657550005833e-16,6.304697427055696
1785337202.7973716,ramp,-1.1179978459872803e-15,-2.5413685976493032e-05,-7.165195953445138e-16,6.556611992663206
1785337203.3014684,ramp,-1.1400837835622342e-15,-2.6027589486948895e-05,-7.231724738113674e-16,6.808652361006094
1785337203.8055437,ramp,-1.1623918328323475e-15,-2.650306180815639e-05,-7.30046989508237e-16,7.0607006163839925
1785337204.3094249,ramp,-1.1849135583233782e-15,-2.7151703647647447e-05,-7.371424881892315e-16,7.312629370093532
1785337204.8134065,ramp,-1.2076504089323676e-15,-2.7668861680291214e-05,-7.444490096895607e-16,7.564625250907607
1785337205.3174982,ramp,-1.2306065403234276e-15,-2.8256599476667456e-05,-7.519719943789555e-16,7.816667075927684
1785337205.8214834,ramp,-1.2537744799652545e-15,-2.8878859911573602e-05,-7.597102399654678e-16,8.068652480431165
1785337206.325631,ramp,-1.2771636834794587e-15,-2.939440501892335e-05,-7.676638368587251e-16,8.32073455117451
1785337206.829468,ramp,-1.3007633169832496e-15,-3.007739323615614e-05,-7.758376596219133e-16,8.572656475608168
1785337207.3334942,ramp,-1.3245853785619312e-15,-3.060684155889237e-05,-7.842283628675468e-16,8.824669152641778
1785337345.6035054,ramp,-2.0450053516506546e-14,-0.0007468012758104376,-2.0449924038618656e-14,0.0013677331022413203
1785337346.1074224,ramp,-2.0550054746693047e-14,-0.0007504306062054315,-2.0534496487182812e-14,0.2533352293745685
1785337346.611466,ramp,-2.065258205064865e-14,-0.0007539378160940289,-2.062159224301931e-14,0.5053480280881418
1785337347.1153927,ramp,-2.075406817163468e-14,-0.0007576113916688238,-2.0707650414521857e-14,0.7573018902562804
1785337347.6194935,ramp,-2.0855893372637302e-14,-0.0007611484860024451,-2.079404167318127e-14,1.0093537597323814
1785337348.1236532,ramp,-2.0958952608587646e-14,-0.0007647712266104209,-2.0881666171146852e-14,1.261418537374769
1785337348.6274164,ramp,-2.1060144989178854e-14,-0.0007684079255009953,-2.0967434901638725e-14,1.5133022221480463
1785337349.1313539,ramp,-2.1164558391130847e-14,-0.0007719573519346485,-2.1056419310283924e-14,1.7652732553937318
1785337349.6358285,ramp,-2.1265468712076134e-14,-0.0007756618423731357,-2.1141885820011016e-14,2.0174861284332004
1785337350.13953,ramp,-2.1370775790125876e-14,-0.000779214060586024,-2.1231770525367578e-14,2.269349036061484
1785337350.643289,ramp,-2.1471946643962586e-14,-0.0007828898434262129,-2.1317517867794763e-14,2.5212304167743107
1785337351.1475775,ramp,-2.1577558493106775e-14,-0.0007865314442519551,-2.140769080366093e-14,2.7733633632701036
1785337351.6514747,ramp,-2.1679584753091088e-14,-0.0007901290169369356,-2.1494288778386432e-14,3.025322785068451
1785337352.1554945,ramp,-2.1784942746668714e-14,-0.0007938568782265996,-2.1584216574245745e-14,3.277313309412057
1785337352.6596684,ramp,-2.1888309422686245e-14,-0.0007974309963335709,-2.1672147380861634e-14,3.5293966131168255
1785337353.163536,ramp,-2.1993034754279334e-14,-0.0008011559268031516,-2.1761445857890805e-14,3.781332542536637
1785337353.6672797,ramp,-2.2097983192693594e-14,-0.0008048022069775849,-2.1850971135269802e-14,4.03320823070623
1785337354.1714723,ramp,-2.2201992560541882e-14,-0.0008084521815638017,-2.1939545137379444e-14,4.2852832331135415
1785337354.67534,ramp,-2.2308443202158113e-14,-0.0008121964481517538,-2.2030568522961252e-14,4.537225699708159
1785337355.1794581,ramp,-2.2411973699482574e-14,-0.0008157999404962897,-2.2118664559680573e-14,4.789285966645807
1785337355.683454,ramp,-2.251954786960134e-14,-0.0008195683683198772,-2.2210808685369767e-14,5.041273947027798
1785337356.1876636,ramp,-2.2623092017231857e-14,-0.0008232213669148076,-2.229891586867908e-14,5.293375053245512
1785337356.6915324,ramp,-2.27312194432423e-14,-0.0008269259413958986,-2.2391617031382167e-14,5.545301347068858
1785337357.1953511,ramp,-2.28353823935865e-14,-0.0008306808552014666,-2.24803547476434e-14,5.797210782043053
1785337357.69933,ramp,-2.294346804054353e-14,-0.0008343212176663008,-2.257301055455584e-14,6.049195552630295
1785337358.2035916,ramp,-2.3048794461162964e-14,-0.0008381262490301047,-2.2662898908635045e-14,6.301314507417962
1785337358.707715,ramp,-2.3156379873418484e-14,-0.0008417900799534063,-2.2755049977076848e-14,6.553372806668398
1785337359.2113137,ramp,-2.3263211335965995e-14,-0.0008455491975072461,-2.2846462548775385e-14,6.805178644566226
1785337359.7153273,ramp,-2.3370093332337303e-14,-0.0008493107271680797,-2.293791335470131e-14,7.057185347704839
1785337360.2193532,ramp,-2.347848316210755e-14,-0.0008529947990260173,-2.3030872307903116e-14,7.309187002301804
1785337360.7235205,ramp,-2.358476205197222e-14,-0.0008568289206614755,-2.3121715547350057e-14,7.561266469724358
1785337361.227486,ramp,-2.3694462883429632e-14,-0.000860509398433053,-2.3215986838040893e-14,7.813246312615422
1785337361.7313728,ramp,-2.3800516471008048e-14,-0.0008643207543353198,-2.330661331557416e-14,8.065186327934935
1785337362.2354116,ramp,-2.3911043742836094e-14,-0.0008680869577996602,-2.3401708885994363e-14,8.317201371050013
1785337362.7395177,ramp,-2.4017431545955004e-14,-0.0008718203035098572,-2.3492663359925014e-14,8.569243030694414
1785337363.2434778,ramp,-2.4128187628645794e-14,-0.0008756760622572088,-2.358798992374762e-14,8.821222340676634
1785337363.7475326,ramp,-2.423550566970237e-14,-0.0008793801744020732,-2.367987551885105e-14,9.073249605230567
1785337364.2516112,ramp,-2.434593899620718e-14,-0.0008832394261714571,-2.3774876457798423e-14,9.325275760970557
1785337364.7552824,ramp,-2.445465262650864e-14,-0.0008870106240043661,-2.3868168299363804e-14,9.577128912876057
1785337365.2593422,ramp,-2.4564420024195542e-14,-0.0008907970308569594,-2.396250383505466e-14,9.829146558392116
1785337365.7633674,ramp,-2.4674724477625206e-14,-0.0008946677071984021,-2.4057377119937332e-14,10.08115279475618
1785337366.2672975,ramp,-2.4783791885845003e-14,-0.0008984029810678523,-2.4151015476454626e-14,10.333124595828746
1785337366.771333,ramp,-2.4895558887997997e-14,-0.000902304142631903,-2.4247351193269206e-14,10.585132709056222
1785337367.2752976,ramp,-2.5004208693146695e-14,-0.000906082886563236,-2.434057116567278e-14,10.837117222052706
1785337367.7793622,ramp,-2.5117023980756518e-14,-0.0009099240235186111,-2.4437954153318733e-14,11.089141965396037
1785337368.2832932,ramp,-2.522576829944381e-14,-0.000913804238197877,-2.4531270004260618e-14,11.341104084784629
1785337368.7873933,ramp,-2.5339058049069292e-14,-0.0009175780595121057,-2.4629126512291407e-14,11.593144273441952
1785337369.2913642,ramp,-2.5448492988707508e-14,-0.0009215140435776305,-2.472313168487967e-14,11.845127556314699
1785337369.7953768,ramp,-2.556167977004627e-14,-0.0009253048833521683,-2.4820887859730152e-14,12.097124693400033
1785337370.2992637,ramp,-2.5672327247360833e-14,-0.0009292001517627356,-2.4916107723336566e-14,12.349072850248017
1785337370.8033693,ramp,-2.5784979335126447e-14,-0.0009330863506368431,-2.501332622643269e-14,12.60111852936439
1785337371.3075147,ramp,-2.5897151487344586e-14,-0.0009369052954239667,-2.5110063348687518e-14,12.85318787917418
1785337371.8114471,ramp,-2.600909583511785e-14,-0.0009408685549192101,-2.5206579243314302e-14,13.105149677099378
1785337372.3154855,ramp,-2.6122816306512035e-14,-0.0009446776247369749,-2.53048679622044e-14,13.357165511813129
1785337372.8194687,ramp,-2.6234182302109222e-14,-0.0009486242142478015,-2.5400803628692927e-14,13.609157963195726
1785337373.3236835,ramp,-2.634917283050798e-14,-0.0009525149876207091,-2.550035814900023e-14,13.86124321522173
1785337373.8274624,ramp,-2.6460371890276195e-14,-0.0009563842279393403,-2.5596132361557058e-14,14.113146217777066
1785337374.3313308,ramp,-2.657611626953876e-14,-0.0009603674384836962,-2.5696450455613875e-14,14.365072590592217
1785337374.8354833,ramp,-2.6687732885363625e-14,-0.0009642019005933122,-2.5792631559710822e-14,14.617149792697795
1785337375.3394022,ramp,-2.6803759922530727e-14,-0.0009681921269515932,-2.589323129704672e-14,14.869092728588381
1785337375.8433511,ramp,-2.6929205760192182e-14,-0.000971854379289051,-2.6003247593941597e-14,15.121072589704879
1785337376.3476186,ramp,-2.7055980525462005e-14,-0.0009754957072311414,-2.6114584256173873e-14,15.373192304242416
1785337376.8514853,ramp,-2.7180961000390124e-14,-0.0009792727133508868,-2.6224138241511262e-14,15.625122221122098
1785337377.355703,ramp,-2.730691381327088e-14,-0.0009828664590850109,-2.6334653294429265e-14,15.877236380405234
1785337377.859412,ramp,-2.7433829181386017e-14,-0.0009866540312928184,-2.644614947971688e-14,16.129046958219988
1785337378.3633611,ramp,-2.7558623905539463e-14,-0.0009903197312233878,-2.6555512823638885e-14,16.38105685662986
1785337378.8673627,ramp,-2.7687370591188165e-14,-0.0009940187747036352,-2.6668829136382146e-14,16.633050270814223
1785337379.3714337,ramp,-2.781184831926631e-14,-0.0009978051210731344,-2.677787427251787e-14,16.885079837319722
1785337379.87536,ramp,-2.7940821037114248e-14,-0.0010014326212781036,-2.6891418143048288e-14,17.137048408305844
1785337380.3793373,ramp,-2.8066924526682623e-14,-0.00100526229301983,-2.700209227433668e-14,17.3890251217707
1785337380.883487,ramp,-2.8194655412093344e-14,-0.0010089316128717185,-2.711438807138838e-14,17.641095574879742
1785337381.387398,ramp,-2.8322815823749712e-14,-0.0010127532019354013,-2.7227120329176285e-14,17.8930526268945
1785337381.8914192,ramp,-2.843862892759019e-14,-0.0010176608056279553,-2.73275018556998e-14,18.14506450205143
1785352638.298096,ramp,-3.3177364009744074e-16,-6.3198423865154766e-06,-3.3165562966709394e-16,0.001920936741780965
1785352638.8024862,ramp,-3.438496698859388e-16,-6.6433944722509175e-06,-3.282899796808101e-16,0.2541023816070536
1785352639.306789,ramp,-3.5615159463749045e-16,-6.8471481758039766e-06,-3.2515272837364405e-16,0.5062430574843926
1785352639.810994,ramp,-3.68662924388098e-16,-7.222866345651474e-06,-3.222270865035845e-16,0.7583475601918208
1785352640.3146484,ramp,-3.8139516124991197e-16,-7.450505903604368e-06,-3.195396587732681e-16,1.0101695657523362
1785352640.8181021,ramp,-3.9433978598363555e-16,-7.777909546756664e-06,-3.170678525772998e-16,1.2619386618334953
1785352641.3221767,ramp,-4.075031549715341e-16,-8.107229410158652e-06,-3.1479906029113846e-16,1.513964652017416
1785352641.8269486,ramp,-4.2088161828491123e-16,-8.355628374059577e-06,-3.127265297139966e-16,1.7662982830892773
1785352642.330604,ramp,-4.344754269398599e-16,-8.76058800890657e-06,-3.108979729752297e-16,2.0181642187668496
1785352642.8342297,ramp,-4.482877315392169e-16,-9.004567993416947e-06,-3.0929129183258443e-16,2.26997512152301
1785352643.339468,ramp,-4.623112984448065e-16,-9.38546219499984e-06,-3.078482366957794e-16,2.522563847188562
1785352643.8424113,ramp,-4.765584373107143e-16,-9.718540860927853e-06,-3.066955728104039e-16,2.7740613788331014
1785352644.346825,ramp,-4.910116149841756e-16,-1.0017396690099828e-05,-3.0570756707261793e-16,3.0262347421629414
1785352644.8505123,ramp,-5.056932166587414e-16,-1.0443808905814701e-05,-3.0496716102719153e-16,3.2780948151327447
1785352645.3546724,ramp,-5.205779956078729e-16,-1.0711449453012168e-05,-3.04415822392914e-16,3.530185478430918
1785352645.8586793,ramp,-5.356905830761004e-16,-1.1141280152448253e-05,-3.0409805155462634e-16,3.782181923409484
1785352646.3624654,ramp,-5.5101040223404095e-16,-1.1478475726931514e-05,-3.039929140092222e-16,4.0340902461489065
1785352646.8663423,ramp,-5.665513727282364e-16,-1.1831737163282502e-05,-3.041061978006328e-16,4.28604313709676
1785352647.370784,ramp,-5.823073183679379e-16,-1.2272585863511373e-05,-3.0442049286340735e-16,4.53822398782826
1785352647.8743782,ramp,-5.982765468266552e-16,-1.2571765889274534e-05,-3.049722100717987e-16,4.79001075510789
1785352648.378437,ramp,-6.144675705504161e-16,-1.3044263787565409e-05,-3.0572882428666666e-16,5.042073318574958
1785352648.8823857,ramp,-6.3086712935433e-16,-1.3388266910217169e-05,-3.0669960876769785e-16,5.2940439809652675
1785352649.386402,ramp,-6.474920010338631e-16,-1.379766471887815e-05,-3.078943338251643e-16,5.546036989307327
1785352649.890831,ramp,-6.643234663731781e-16,-1.424734039286569e-05,-3.0928171056666207e-16,5.798257647114563
1785352650.3939898,ramp,-6.813796501724208e-16,-1.4585784738483242e-05,-3.1093107682996355e-16,6.049869733520682
1785352650.8981824,ramp,-6.986436919182067e-16,-1.5093533798087715e-05,-3.1275963604568606e-16,6.301949785502152
1785352651.4022183,ramp,-7.161324466616996e-16,-1.5449122121486715e-05,-3.148171273491596e-16,6.553961086674998
1785352651.9066498,ramp,-7.338286914767359e-16,-1.5914014784949215e-05,-3.1707176538405143e-16,6.806141198106797
1785352652.4106467,ramp,-7.517496060823295e-16,-1.6368820407406262e-05,-3.1956132895606074e-16,7.0581538305738185
1785352652.9143152,ramp,-7.69878137856893e-16,-1.6753401492537608e-05,-3.2226811579132694e-16,7.3100096538403285
1785352653.4186046,ramp,-7.882309291319666e-16,-1.728851051756754e-05,-3.2518147552645167e-16,7.562154170687481
1785352653.9227169,ramp,-8.067931210887611e-16,-1.7662114715787066e-05,-3.283108930542319e-16,7.814190130167389
1785352654.4264414,ramp,-8.2557472869156e-16,-1.817954873916554e-05,-3.3166994547725773e-16,8.0660590528121
1785352654.92974,ramp,-8.445739575920963e-16,-1.8638032182246715e-05,-3.3525819614751886e-16,8.317738968474165
1785352655.4340568,ramp,-8.637831009120712e-16,-1.907414933182418e-05,-3.390276816441689e-16,8.569887279801168
1785352655.937942,ramp,-8.832183604149863e-16,-1.962896589400164e-05,-3.4303497706467684e-16,8.821844499146898
1785352656.4423847,ramp,-9.028564243031543e-16,-2.0028086652435768e-05,-3.472319670335538e-16,9.074015974072466
1785453612.5470932,ramp,-6.998215064780542e-15,-0.0001794047962245992,-6.998099623761433e-15,0.0017058901180210062
1785453613.0509238,ramp,-7.0533340096335006e-15,-0.00018084703747811071,-7.03779272137647e-15,0.25362765134509024
1785453613.5557306,ramp,-7.108669261688755e-15,-0.00018238613436446984,-7.0776749429908206e-15,0.5059932511108137
1785453614.0592003,ramp,-7.164213308312639e-15,-0.00018378058462087608,-7.117803405422808e-15,0.7577474518677717
1785453614.5635424,ramp,-7.219986463904228e-15,-0.0001853440799171714,-7.15813569148009e-15,1.0099144245586937
1785453615.067356,ramp,-7.27596025515816e-15,-0.0001867892342615978,-7.198685146485095e-15,1.261811506549735
1785453615.571726,ramp,-7.332166349919546e-15,-0.0001882869099594471,-7.239450773182682e-15,1.5139719885493301
1785453616.075753,ramp,-7.388574226528727e-15,-0.00018983638736479077,-7.280427101672756e-15,1.7659867449953868
1785453616.57936,ramp,-7.445210700609427e-15,-0.0001912680489727503,-7.321642181188419e-15,2.0178357991354754
1785453617.0835643,ramp,-7.502053306601796e-15,-0.0001928685667086765,-7.36305099082685e-15,2.2698872210023833
1785453617.5871472,ramp,-7.559122031215763e-15,-0.00019432423527886562,-7.404699729672282e-15,2.5217132437426266
1785453618.0913997,ramp,-7.616396234299772e-15,-0.00019587730230227906,-7.446540107204497e-15,2.773765189897405
1785453618.5952249,ramp,-7.673899576790398e-15,-0.0001974330160153528,-7.488614062217286e-15,3.0257446541574464
1785453619.0995944,ramp,-7.731604662101373e-15,-0.0001989089128721895,-7.530878051710579e-15,3.277915409934784
1785453619.6036081,ramp,-7.789540106746444e-15,-0.00020053874946353582,-7.573383218343235e-15,3.5299093436052726
1785453620.1073961,ramp,-7.847681674884291e-15,-0.00020201089113630724,-7.616099486702942e-15,3.7818221342352065
1785453620.6122596,ramp,-7.906042575469994e-15,-0.00020361699974805024,-7.659006035644803e-15,4.034209243870613
1785453621.115812,ramp,-7.96462535645083e-15,-0.00020517694737759505,-7.702171699546356e-15,4.2859883130810035
1785453621.6193209,ramp,-8.023410483210694e-15,-0.00020670279874930285,-7.7455403807776e-15,4.537756449133013
1785453622.1233158,ramp,-8.08243375431728e-15,-0.00020835430849092582,-7.789132563631298e-15,4.789763593361492
1785453622.6270843,ramp,-8.141646832552616e-15,-0.00020985008870378472,-7.832920239895999e-15,5.041678029282939
1785453623.1312587,ramp,-8.201102604473377e-15,-0.00021150479706890366,-7.876940770169001e-15,5.2937530003985485
1785453623.6354039,ramp,-8.260752756396494e-15,-0.00021306929690293784,-7.921158308251306e-15,5.545785146378451
1785453624.139416,ramp,-8.320634562711737e-15,-0.00021464900133019233,-7.965607296340752e-15,5.797820615013867
1785453624.6431909,ramp,-8.380724560146091e-15,-0.00021631528753172187,-8.010273169210628e-15,6.0497140188036544
1785453625.1476178,ramp,-8.441032504050418e-15,-0.00021784242916674537,-8.055138163233481e-15,6.30191500249576
1785453625.6517193,ramp,-8.501561130684466e-15,-0.0002195396067944822,-8.100234263620283e-15,6.553945585286394
1785453626.155687,ramp,-8.562297714849792e-15,-0.0002211112666435061,-8.145539511350953e-15,6.80595686248061
1785453626.6597419,ramp,-8.623260790409444e-15,-0.00022274655100574901,-8.191072673871378e-15,7.05794483023885
1785453627.1645312,ramp,-8.684430384333099e-15,-0.00022442208879459047,-8.236791281203977e-15,7.310276914962597
1785453627.667451,ramp,-8.745825132262312e-15,-0.00022598817321842695,-8.282790408974632e-15,7.561704906678466
1785453628.1710305,ramp,-8.807427066165931e-15,-0.0002277205566615007,-8.328966429945156e-15,7.813627450646952
1785453628.6751192,ramp,-8.869257058980977e-15,-0.00022930403573051704,-8.375364086299013e-15,8.065655047694616
1785453629.179484,ramp,-8.931287754620789e-15,-0.00023099430103155707,-8.421953372244201e-15,8.31783071510296
1785453629.6835816,ramp,-8.993554827310092e-15,-0.00023267543550592581,-8.468787378525939e-15,8.569870135424175
1785453630.1875331,ramp,-9.056015328910467e-15,-0.00023428721702617374,-8.515817536418728e-15,8.82186516003334
1785484770.3877892,ramp,-5.6006632209261285e-12,-0.12361441676384755,-5.600663007263526e-12,-0.12012504164940663
1785484770.8922555,ramp,-5.6006632209261285e-12,-0.12361441676384755,-5.600647561576345e-12,0.13212217266791515
1785484771.3956475,ramp,-5.6006632209261285e-12,-0.12361441676384755,-5.600632150437526e-12,0.3838051694177931
1785484771.8997765,ramp,-5.6006632209261285e-12,-0.12361441676384755,-5.600616715809034e-12,0.6358717816614454
1785484772.4037824,ramp,-5.6006632209261285e-12,-0.12361441676384755,-5.600601285830299e-12,0.8878624575876539
1785484772.90798,ramp,-5.6006632209261285e-12,-0.12361441676384755,-5.6005858499754965e-12,1.1399490969919508
1785484773.4119098,ramp,-5.6006632209261285e-12,-0.12361441676384755,-5.600570420807003e-12,1.3919265406870192
1785484773.9156117,ramp,-5.6006632209261285e-12,-0.12361441676384755,-5.600554999135058e-12,1.6437815564417189
1785484774.4199252,ramp,-5.6006632209261285e-12,-0.12361441676384755,-5.600539558710791e-12,1.8959428208612745
1785484774.923639,ramp,-5.6006632209261285e-12,-0.12361441676384755,-5.600524136104515e-12,2.147813095405037
1785484775.4276028,ramp,-5.6006632209261285e-12,-0.12361441676384755,-5.60050870654185e-12,2.399796976401741
1785484775.9318016,ramp,-5.6006632209261285e-12,-0.12361441676384755,-5.600493269927903e-12,2.651896013572151
1785484776.4358902,ramp,-5.6006632209261285e-12,-0.12361441676384755,-5.600477836686308e-12,2.903939976050789
1785484776.9399908,ramp,-5.6006632209261285e-12,-0.12361441676384755,-5.6004624039264785e-12,3.1559760707163163
1785484777.4453373,ramp,-5.6006632209261285e-12,-0.12361441676384755,-5.600446939114703e-12,3.408535613372261
1785484777.9476905,ramp,-5.6006632209261285e-12,-0.12361441676384755,-5.6004315503560406e-12,3.6598531144403763
1785484778.4517326,ramp,-5.6006632209261285e-12,-0.12361441676384755,-5.600416120676584e-12,3.9118389027857132
1785484778.9558835,ramp,-5.6006632209261285e-12,-0.12361441676384755,-5.600400685179455e-12,4.163919700934822
1785484779.4599583,ramp,-5.6006632209261285e-12,-0.12361441676384755,-5.6003852522152396e-12,4.415959133460457
1785484779.9637027,ramp,-5.6006632209261285e-12,-0.12361441676384755,-5.60036982952867e-12,4.667830719306404
1785484780.47021,ramp,-5.6006632209261285e-12,-0.12361441676384755,-5.6003543271465544e-12,4.921003832175667
1785484780.9716823,ramp,-5.6006632209261285e-12,-0.12361441676384755,-5.600338967695239e-12,5.171842707946236
1785484781.4758925,ramp,-5.6006632209261285e-12,-0.12361441676384755,-5.600323532803965e-12,5.423913611724312
1785484781.9797254,ramp,-5.6006632209261285e-12,-0.12361441676384755,-5.600308105613626e-12,5.675858749701912
1785484782.4841943,ramp,-5.6006632209261285e-12,-0.12361441676384755,-5.600292662773236e-12,5.928059472396309
1785484782.987934,ramp,-5.6006632209261285e-12,-0.12361441676384755,-5.60027723853918e-12,6.179956330611641
1785484783.4917455,ramp,-5.6006632209261285e-12,-0.12361441676384755,-5.600261814137236e-12,6.431855930640633
1785484783.9957829,ramp,-5.6006632209261285e-12,-0.12361441676384755,-5.6002463840782075e-12,6.683847917869026
1785484784.5001743,ramp,-5.6006632209261285e-12,-0.12361441676384755,-5.6002309414787e-12,6.936044706656868
1785484785.003865,ramp,-5.6006632209261285e-12,-0.12361441676384755,-5.600215518551248e-12,7.1879202264093704
1785484785.5080156,ramp,-5.6006632209261285e-12,-0.12361441676384755,-5.600200084550509e-12,7.439976586654121
1785484786.0117736,ramp,-5.6006632209261285e-12,-0.12361441676384755,-5.600184660571933e-12,7.691869272544319
1785484786.5160344,ramp,-5.6006632209261285e-12,-0.12361441676384755,-5.6001692221185215e-12,7.943998350455696
1785484787.0197072,ramp,-5.6006632209261285e-12,-0.12361441676384755,-5.6001538031254804e-12,8.19580961640113
1785484787.5236661,ramp,-5.6006632209261285e-12,-0.12361441676384755,-5.600138372482495e-12,8.447811140372687
1785484788.027778,ramp,-5.6006632209261285e-12,-0.12361441676384755,-5.600122938459857e-12,8.699867858245307
1785484788.5317097,ramp,-5.6006632209261285e-12,-0.12361441676384755,-5.600107510546871e-12,8.951824797942573
1785484789.035958,ramp,-5.6006632209261285e-12,-0.12361441676384755,-5.600092073188379e-12,9.203935994460517
1785484789.5396914,ramp,-5.6006632209261285e-12,-0.12361441676384755,-5.600076649136809e-12,9.45582987244361
1785484790.043729,ramp,-5.6006632209261285e-12,-0.12361441676384755,-5.600061217194519e-12,9.707852615668708
1785484790.5478969,ramp,-5.6006632209261285e-12,-0.12361441676384755,-5.600045793741505e-12,9.959736718490058
1785484791.051628,ramp,-5.6006632209261285e-12,-0.12361441676384755,-5.600030358711542e-12,10.211809887244636
1785484791.555597,ramp,-5.6006632209261285e-12,-0.12361441676384755,-5.600014930141604e-12,10.46377755577796
1785484792.060017,ramp,-5.6006632209261285e-12,-0.12361441676384755,-5.599999486899744e-12,10.715984834983283
1785484792.5638356,ramp,-5.6006632209261285e-12,-0.12361441676384755,-5.599984061475875e-12,10.967901124312812
1785484793.0704813,ramp,-5.6006632209261285e-12,-0.12361441676384755,-5.599968611007546e-12,11.22022642071479
1785484793.5715935,ramp,-5.6006632209261285e-12,-0.12361441676384755,-5.599953207803245e-12,11.471779836966926
1785484794.0757637,ramp,-5.6006632209261285e-12,-0.12361441676384755,-5.5999377719776396e-12,11.723865999534064
1785484794.5799692,ramp,-5.6006632209261285e-12,-0.12361441676384755,-5.599922335312596e-12,11.975965871169501
1785484795.0840304,ramp,-5.6006632209261285e-12,-0.12361441676384755,-5.599906902450573e-12,12.228003634765082
1785484795.5877535,ramp,-5.6006632209261285e-12,-0.12361441676384755,-5.5998914806326395e-12,12.479861034705573
1785484796.091648,ramp,-5.6006632209261285e-12,-0.12361441676384755,-5.5998760522816855e-12,12.731825126960212
1785484796.595884,ramp,-5.6006632209261285e-12,-0.12361441676384755,-5.599860616010813e-12,12.983918561294013
1785484797.099523,ramp,-5.6006632209261285e-12,-0.12361441676384755,-5.599845195579778e-12,13.23575331146949
1785484797.6040986,ramp,-5.6006632209261285e-12,-0.12361441676384755,-5.59982974944733e-12,13.488007797553474
1785484798.1074255,ramp,-5.6006632209261285e-12,-0.12361441676384755,-5.599814337169795e-12,13.739709390952521
1785484798.6116292,ramp,-5.6006632209261285e-12,-0.12361441676384755,-5.59979890108141e-12,13.991799845054084
1785484799.11614,ramp,-5.6006632209261285e-12,-0.12361441676384755,-5.599783455722705e-12,14.244041694953376
1785484799.6200318,ramp,-5.6006632209261285e-12,-0.12361441676384755,-5.599768028656457e-12,14.495984806373054
1785484800.1238832,ramp,-5.6006632209261285e-12,-0.12361441676384755,-5.59975260197708e-12,14.747921599700385
1785484800.627801,ramp,-5.6006632209261285e-12,-0.12361441676384755,-5.599737173509335e-12,14.999887599303657
1785484801.131638,ramp,-5.6006632209261285e-12,-0.12361441676384755,-5.59972174734822e-12,15.25181592877143
1785484801.6357772,ramp,-5.6006632209261285e-12,-0.12361441676384755,-5.599706313325583e-12,15.50387264664405
1785484802.1397305,ramp,-5.6006632209261285e-12,-0.12361441676384755,-5.5996908849454304e-12,15.755837215735847
1785484802.6446629,ramp,-5.6006632209261285e-12,-0.12361441676384755,-5.599675431973386e-12,16.008203400924142
1785484803.1477754,ramp,-5.6006632209261285e-12,-0.12361441676384755,-5.5996600214842195e-12,16.25987578804725
1785484803.6518965,ramp,-5.6006632209261285e-12,-0.12361441676384755,-5.599644592972677e-12,16.51184250290626
1785484804.155702,ramp,-5.6006632209261285e-12,-0.12361441676384755,-5.599629163015841e-12,16.7638328212046
1785484804.6597326,ramp,-5.6006632209261285e-12,-0.12361441676384755,-5.599613730891064e-12,17.015858544661935
1785484805.1639667,ramp,-5.6006632209261285e-12,-0.12361441676384755,-5.599598301510886e-12,17.2678394454264
1785484805.6686876,ramp,-5.6006632209261285e-12,-0.12361441676384755,-5.599582840779511e-12,17.520332350089486
1785484806.1717637,ramp,-5.6006632209261285e-12,-0.12361441676384755,-5.599567439144594e-12,17.77186013634437
1785484806.6759295,ramp,-5.6006632209261285e-12,-0.12361441676384755,-5.599552003056209e-12,18.02395059044593
1785484807.1796649,ramp,-5.6006632209261285e-12,-0.12361441676384755,-5.599536579632393e-12,18.275834216430123
1785484807.6836376,ramp,-5.6006632209261285e-12,-0.12361441676384755,-5.599521150894567e-12,18.527804626777108
1785484808.1878843,ramp,-5.6006632209261285e-12,-0.12361441676384755,-5.599505721142116e-12,18.77979160721534
1785484808.6916711,ramp,-5.6006632209261285e-12,-0.12361441676384755,-5.599490288761858e-12,19.03182150299781
1785484809.195454,ramp,-5.6006632209261285e-12,-0.12361441676384755,-5.599474865527828e-12,19.283702029540475
1785484809.699975,ramp,-5.6006632209261285e-12,-0.12361441676384755,-5.5994594190815035e-12,19.53596164162391
1785484810.2039075,ramp,-5.6006632209261285e-12,-0.12361441676384755,-5.599443989927608e-12,19.7879388469004
1785484810.707755,ramp,-5.6006632209261285e-12,-0.12361441676384755,-5.599428564007376e-12,20.039863242461617
1785484811.2116244,ramp,-5.6006632209261285e-12,-0.12361441676384755,-5.599413137123614e-12,20.291803373649056
1785484811.7161195,ramp,-5.6006632209261285e-12,-0.12361441676384755,-5.599397692472958e-12,20.544033660247262
1785484812.2197528,ramp,-5.6006632209261285e-12,-0.12361441676384755,-5.5993822732901304e-12,20.795848025634225
1785484812.7245061,ramp,-5.6006632209261285e-12,-0.12361441676384755,-5.59936682460287e-12,21.048144234969552
1785484813.2278986,ramp,-5.6006632209261285e-12,-0.12361441676384755,-5.599351407872662e-12,21.299918546035226
1785484813.7317526,ramp,-5.6006632209261285e-12,-0.12361441676384755,-5.5993359811567884e-12,21.551855935409005
1785484814.2357361,ramp,-5.6006632209261285e-12,-0.12361441676384755,-5.599320551272947e-12,21.80384506161445
1785484814.7399414,ramp,-5.6006632209261285e-12,-0.12361441676384755,-5.59930511439622e-12,22.055948390319283
1785484815.24403,ramp,-5.6006632209261285e-12,-0.12361441676384755,-5.599289680964839e-12,22.30799545223945
1785484815.747798,ramp,-5.6006632209261285e-12,-0.12361441676384755,-5.5992742566577876e-12,22.559893502547677
1785484816.251673,ramp,-5.6006632209261285e-12,-0.12361441676384755,-5.5992588298470205e-12,22.81183244164222
1785484816.7559195,ramp,-5.6006632209261285e-12,-0.12361441676384755,-5.599243393160079e-12,23.063932670905526
1785484817.2598543,ramp,-5.6006632209261285e-12,-0.12361441676384755,-5.599227963918591e-12,23.31591130669349
1785484817.7639194,ramp,-5.6006632209261285e-12,-0.12361441676384755,-5.5992125317500165e-12,23.567937745406564
1785484818.271049,ramp,-5.6006632209261285e-12,-0.12361441676384755,-5.599197004586222e-12,23.82151557381385
1785484818.7715452,ramp,-5.6006632209261285e-12,-0.12361441676384755,-5.5991816809168776e-12,24.071770085647042
1785484819.275604,ramp,-5.6006632209261285e-12,-0.12361441676384755,-5.5991662485804164e-12,24.323799266173776
1785484819.7796974,ramp,-5.6006632209261285e-12,-0.12361441676384755,-5.599150816163661e-12,24.575829758002694
1785484820.284295,ramp,-5.6006632209261285e-12,-0.12361441676384755,-5.599135367118728e-12,24.82813180859321
1785484820.7876434,ramp,-5.6006632209261285e-12,-0.12361441676384755,-5.599119956133198e-12,25.079812301948007
1785484821.29171,ramp,-5.6006632209261285e-12,-0.12361441676384755,-5.599104524008421e-12,25.331838025405343
1785484821.7959986,ramp,-5.6006632209261285e-12,-0.12361441676384755,-5.599089090321559e-12,25.583889259650643
1785484822.2995305,ramp,-5.6006632209261285e-12,-0.12361441676384755,-5.5990736689561915e-12,25.835739268615182
1785484822.8035235,ramp,-5.6006632209261285e-12,-0.12361441676384755,-5.59905823785334e-12,26.08774830277198
1785484823.307713,ramp,-5.6006632209261285e-12,-0.12361441676384755,-5.599042800575142e-12,26.33985818798774
1785484823.8116455,ramp,-5.6006632209261285e-12,-0.12361441676384755,-5.599027377414107e-12,26.59173752243751
1785484824.3159814,ramp,-5.6006632209261285e-12,-0.12361441676384755,-5.599011932785348e-12,26.843967451407845
1785484824.819739,ramp,-5.6006632209261285e-12,-0.12361441676384755,-5.598996508704581e-12,27.095861806228097
1785484825.3237066,ramp,-5.6006632209261285e-12,-0.12361441676384755,-5.598981080163841e-12,27.347828997924264
1785484825.8277647,ramp,-5.6006632209261285e-12,-0.12361441676384755,-5.598965647228823e-12,27.59986795361274
1785484826.3318267,ramp,-5.6006632209261285e-12,-0.12361441676384755,-5.598950215746399e-12,27.851883186652596
1785484826.8369224,ramp,-5.6006632209261285e-12,-0.12361441676384755,-5.598934765372964e-12,28.10420693333381
1785484827.3400383,ramp,-5.6006632209261285e-12,-0.12361441676384755,-5.598919346890884e-12,28.356009854628976
1785484827.84546,ramp,-5.6006632209261285e-12,-0.12361441676384755,-5.59890387689649e-12,28.6086540358805
1785484828.3482654,ramp,-5.6006632209261285e-12,-0.12361441676384755,-5.598888490466356e-12,28.85993350918525
1785484828.8519812,ramp,-5.6006632209261285e-12,-0.12361441676384755,-5.598873057326954e-12,29.111975802733834
1785484829.3556492,ramp,-5.6006632209261285e-12,-0.12361441676384755,-5.598857638268217e-12,29.363788141562875
1785484829.8599048,ramp,-5.6006632209261285e-12,-0.12361441676384755,-5.598842199435234e-12,29.61592341835731
1785484830.3642728,ramp,-5.6006632209261285e-12,-0.12361441676384755,-5.598826758631395e-12,29.86809088165992
1785484830.868593,ramp,-5.6006632209261285e-12,-0.12361441676384755,-5.598811325769372e-12,30.1201286452555
1785484831.3715792,ramp,-5.6006632209261285e-12,-0.12361441676384755,-5.5987959159955526e-12,30.371789349868234
1785484831.8760018,ramp,-5.6006632209261285e-12,-0.12361441676384755,-5.598780472965377e-12,30.62399317200416
1785484832.3799694,ramp,-5.6006632209261285e-12,-0.12361441676384755,-5.598765043891777e-12,30.875969065978463
1785484832.8833911,ramp,-5.6006632209261285e-12,-0.12361441676384755,-5.598749629533895e-12,31.127704634025033
1785484833.3877873,ramp,-5.6006632209261285e-12,-0.12361441676384755,-5.598734188817649e-12,31.37987066681617
1785484833.8915093,ramp,-5.6006632209261285e-12,-0.12361441676384755,-5.598718765999688e-12,31.63174439842933
1785484834.3963726,ramp,-5.6006632209261285e-12,-0.12361441676384755,-5.598703313129836e-12,31.88410891468757
1785484834.9002953,ramp,-5.6006632209261285e-12,-0.12361441676384755,-5.5986878817423046e-12,32.13612259800666
1785484835.4038873,ramp,-5.6006632209261285e-12,-0.12361441676384755,-5.598672463106937e-12,32.387928022696904
1785484835.90787,ramp,-5.6006632209261285e-12,-0.12361441676384755,-5.598657033522374e-12,32.63991226132148
1785484836.4115815,ramp,-5.6006632209261285e-12,-0.12361441676384755,-5.598641610383237e-12,32.89179123814338
1785484836.9157968,ramp,-5.6006632209261285e-12,-0.12361441676384755,-5.598626173864183e-12,33.14388872559302
1785484837.420576,ramp,-5.6006632209261285e-12,-0.12361441676384755,-5.598610721300908e-12,33.3962482350611
1785484837.9237878,ramp,-5.6006632209261285e-12,-0.12361441676384755,-5.5985953139067145e-12,33.64787007744544
1785484838.4278324,ramp,-5.6006632209261285e-12,-0.12361441676384755,-5.5985798814461625e-12,33.899901284530095
1785484838.9317262,ramp,-5.6006632209261285e-12,-0.12361441676384755,-5.5985644547667855e-12,34.15183807785743
1785484839.4359283,ramp,-5.6006632209261285e-12,-0.12361441676384755,-5.598549017466689e-12,34.403948320701055
1785484839.9398227,ramp,-5.6006632209261285e-12,-0.12361441676384755,-5.5985335897945845e-12,34.655901326491765
1785484840.444752,ramp,-5.6006632209261285e-12,-0.12361441676384755,-5.5985181495674035e-12,34.9080593722605
1785484840.9475615,ramp,-5.6006632209261285e-12,-0.12361441676384755,-5.5985027359613665e-12,35.15978266175025
1785484841.4520702,ramp,-5.6006632209261285e-12,-0.12361441676384755,-5.598487298091911e-12,35.41190220291846
1785484841.9558947,ramp,-5.6006632209261285e-12,-0.12361441676384755,-5.598471866390503e-12,35.663921012237005
1785484842.4597933,ramp,-5.6006632209261285e-12,-0.12361441676384755,-5.598456438112544e-12,35.91588391239875
1785484842.9638157,ramp,-5.6006632209261285e-12,-0.12361441676384755,-5.598441007221377e-12,36.16788948948615
1785484843.468496,ramp,-5.6006632209261285e-12,-0.12361441676384755,-5.598425572622082e-12,36.419955624892644
1785484843.9715152,ramp,-5.6006632209261285e-12,-0.12361441676384755,-5.598410154709361e-12,36.671749247863225
1785484844.4757428,ramp,-5.6006632209261285e-12,-0.12361441676384755,-5.598394717409264e-12,36.92385949070685
1785484844.9798977,ramp,-5.6006632209261285e-12,-0.12361441676384755,-5.598379282043526e-12,37.17593814308875
1785484845.4836473,ramp,-5.6006632209261285e-12,-0.12361441676384755,-5.5983638593934535e-12,37.42780913288825
1785484845.9875824,ramp,-5.6006632209261285e-12,-0.12361441676384755,-5.598348431969531e-12,37.679758085563115
1785484846.491981,ramp,-5.6006632209261285e-12,-0.12361441676384755,-5.59833298874227e-12,37.93196512634986
1785484846.9957318,ramp,-5.6006632209261285e-12,-0.12361441676384755,-5.5983175701361e-12,38.18377007420295
1785484847.4997957,ramp,-5.6006632209261285e-12,-0.12361441676384755,-5.5983021332082765e-12,38.43587423737281
1785484848.0041773,ramp,-5.6006632209261285e-12,-0.12361441676384755,-5.598286693433661e-12,38.68802489216559
1785484848.507736,ramp,-5.6006632209261285e-12,-0.12361441676384755,-5.59827127321431e-12,38.93985618527167
1785484849.0122628,ramp,-5.6006632209261285e-12,-0.12361441676384755,-5.598255832658653e-12,39.19201959545844
1785484849.516029,ramp,-5.6006632209261285e-12,-0.12361441676384755,-5.5982404036653456e-12,39.44399417813056
1785484850.0198624,ramp,-5.6006632209261285e-12,-0.12361441676384755,-5.598224978861931e-12,39.695900334670476
1785484850.5243495,ramp,-5.6006632209261285e-12,-0.12361441676384755,-5.598209543926861e-12,39.94797195370429
1785484851.0277114,ramp,-5.6006632209261285e-12,-0.12361441676384755,-5.59819412152497e-12,40.199838890387944
1785484851.5318005,ramp,-5.6006632209261285e-12,-0.12361441676384755,-5.598178688794338e-12,40.451874508216314
1785484852.0357845,ramp,-5.6006632209261285e-12,-0.12361441676384755,-5.598163258749908e-12,40.70386625702613
1785484852.5396104,ramp,-5.6006632209261285e-12,-0.12361441676384755,-5.598147833128953e-12,40.955785765006475
1785484853.0441997,ramp,-5.6006632209261285e-12,-0.12361441676384755,-5.5981323950186164e-12,41.20790924008124
1785484853.5482757,ramp,-5.6006632209261285e-12,-0.12361441676384755,-5.598116960156541e-12,41.45997966702216
1785484854.0518308,ramp,-5.6006632209261285e-12,-0.12361441676384755,-5.598101534302004e-12,41.71190298969977
1785484854.5558705,ramp,-5.6006632209261285e-12,-0.12361441676384755,-5.598086102958269e-12,41.96391595776313
1785484855.059984,ramp,-5.6006632209261285e-12,-0.12361441676384755,-5.598070669293306e-12,42.21596683438056
1785484855.5639384,ramp,-5.6006632209261285e-12,-0.12361441676384755,-5.5980552457818964e-12,42.467851890876226
1785484856.0682561,ramp,-5.6006632209261285e-12,-0.12361441676384755,-5.598039805043752e-12,42.72001828129523
1785484856.571643,ramp,-5.6006632209261285e-12,-0.12361441676384755,-5.598024387320818e-12,42.971808804824285
1785484857.0755322,ramp,-5.6006632209261285e-12,-0.12361441676384755,-5.598008959210746e-12,43.22376896317237
1785484857.5798116,ramp,-5.6006632209261285e-12,-0.12361441676384755,-5.597993521735462e-12,43.475882067038945
1785484858.0837762,ramp,-5.6006632209261285e-12,-0.12361441676384755,-5.597978091712931e-12,43.72787345822089
1785484858.5880058,ramp,-5.6006632209261285e-12,-0.12361441676384755,-5.597962655602647e-12,43.97996426995032
1785484859.09179,ramp,-5.6006632209261285e-12,-0.12361441676384755,-5.597947229908698e-12,44.231884970023565
1785484859.5958989,ramp,-5.6006632209261285e-12,-0.12361441676384755,-5.597931795791167e-12,44.48394323761695
1785484860.1000807,ramp,-5.6006632209261285e-12,-0.12361441676384755,-5.597916362031311e-12,44.735995663955144
1785484860.6035914,ramp,-5.6006632209261285e-12,-0.12361441676384755,-5.59790094520621e-12,44.98777152474158
1785484861.1078737,ramp,-5.6006632209261285e-12,-0.12361441676384755,-5.597885505949857e-12,45.23991371567481
1785484861.6120234,ramp,-5.6006632209261285e-12,-0.12361441676384755,-5.597870071007488e-12,45.49198545391791
1785484862.1157846,ramp,-5.6006632209261285e-12,-0.12361441676384755,-5.597854646970517e-12,45.74387909348243
1785484862.6200287,ramp,-5.6006632209261285e-12,-0.12361441676384755,-5.597839208969671e-12,45.99600078041785
1785484863.1236057,ramp,-5.6006632209261285e-12,-0.12361441676384755,-5.597823790830668e-12,46.24779809887641
1785484863.6289392,ramp,-5.6006632209261285e-12,-0.12361441676384755,-5.597808321106353e-12,46.50043786938422
1785484864.1318383,ramp,-5.6006632209261285e-12,-0.12361441676384755,-5.597792921887559e-12,46.75192619736426
1785484864.6361015,ramp,-5.6006632209261285e-12,-0.12361441676384755,-5.597777485996259e-12,47.00401343281501
1785484865.1397357,ramp,-5.6006632209261285e-12,-0.12361441676384755,-5.5977620674192865e-12,47.25581790383094
1785484865.6447532,ramp,-5.6006632209261285e-12,-0.12361441676384755,-5.597746612009221e-12,47.50822390492194
1785484866.1477232,ramp,-5.6006632209261285e-12,-0.12361441676384755,-5.5977312048851075e-12,47.759841336562566
1785484958.3235009,ramp,-3.58516903470526e-16,-6.910378219423103e-06,-3.5838416272234405e-16,0.002160910552261534
1785484958.8273628,ramp,-3.7107315384032167e-16,-7.282219010914581e-06,-3.55514376068161e-16,0.2540868416213211
1785484959.3313177,ramp,-3.8384240690750723e-16,-7.4925404144543435e-06,-3.528594899719412e-16,0.5059819397944855
1785484959.8353612,ramp,-3.968325339203625e-16,-7.857217621800984e-06,-3.504130176367803e-16,0.7580803738691092
1785484960.3393273,ramp,-4.100329605543039e-16,-8.14521475717841e-06,-3.481835750282774e-16,1.010068973658839
1785484960.8437016,ramp,-4.2345590111488596e-16,-8.430212745156668e-06,-3.4616594533256665e-16,1.2622323372661977
1785484961.3473842,ramp,-4.3708833738412927e-16,-8.818987381901932e-06,-3.4437522056654625e-16,1.514111282941329
1785484961.8514123,ramp,-4.50943580538896e-16,-9.0578620949781e-06,-3.4280013461265277e-16,1.7661074420387228
1785484962.3554673,ramp,-4.650072855036711e-16,-9.467745644405447e-06,-3.4143198488084527e-16,2.0181283448687966
1785484962.8597112,ramp,-4.792957363781892e-16,-9.761257212123235e-06,-3.402823546162073e-16,2.2702510495948385
1785484963.3634577,ramp,-4.937907841207447e-16,-1.0102035141108238e-05,-3.3935428512028157e-16,2.5221293280109403
1785484963.8677764,ramp,-5.085117554169221e-16,-1.0501532979490242e-05,-3.3863543800493177e-16,2.774280298561625
1785484964.3715255,ramp,-5.2344027939623025e-16,-1.0776834194765232e-05,-3.381413922055395e-16,3.026149701757724
1785484964.875386,ramp,-5.385912076420775e-16,-1.1224859874510226e-05,-3.378658892563658e-16,3.2780819939435313
1785484965.3916667,ramp,-5.543238346632745e-16,-1.1534421715389807e-05,-3.3779190711237087e-16,3.5362232020208504
1785484965.8955276,ramp,-5.699074210274117e-16,-1.1936498964443917e-05,-3.379488870943573e-16,3.7881584011780376
1785484966.3990486,ramp,-5.857132693239926e-16,-1.2337233786865513e-05,-3.383386402365785e-16,4.039921940300698
1785484966.9033024,ramp,-6.017254691735828e-16,-1.2659959568645234e-05,-3.3891248886685403e-16,4.292049026556239
1785484967.407361,ramp,-6.179662328984857e-16,-1.3137594580700086e-05,-3.3972091613056726e-16,4.54407772944796
1785484967.91196,ramp,-6.344091098509732e-16,-1.3454122196183968e-05,-3.4071640512762517e-16,4.796352403002133
1785484968.4152899,ramp,-6.5108227445062e-16,-1.3909429905258797e-05,-3.419781608286359e-16,5.048039355188014
1785484968.9194705,ramp,-6.679588990996216e-16,-1.4313903551668164e-05,-3.4342060225212053e-16,5.300098291191358
1785484969.4235191,ramp,-6.850617981102539e-16,-1.4687376999864876e-05,-3.450893545345547e-16,5.552156662148452
1785484969.9275281,ramp,-7.023727178662006e-16,-1.5185991175662038e-05,-3.469754927742865e-16,5.804061962446324
1785484970.431165,ramp,-7.199057630873011e-16,-1.5526683384862435e-05,-3.4908371998185345e-16,6.055968016712611
1785484970.9352875,ramp,-7.376517446046709e-16,-1.6030547697753375e-05,-3.5139375180348033e-16,6.308055701973359
1785484971.4395323,ramp,-7.556147479694724e-16,-1.643927114897743e-05,-3.5392087846717634e-16,6.560142290282074
1785484971.9437878,ramp,-7.737939721569939e-16,-1.686730223992753e-05,-3.566619047241218e-16,6.812266767837225
1785484972.4474628,ramp,-7.921888237287409e-16,-1.737995985559654e-05,-3.5963542012654103e-16,7.06411578730699
1785484972.9515123,ramp,-8.108014418168264e-16,-1.7752698185813504e-05,-3.628158915394941e-16,7.316141495653865
1785484973.4554048,ramp,-8.296256560273384e-16,-1.8298764492140505e-05,-3.662117474965569e-16,7.568105161051487
1785484973.9594147,ramp,-8.486740508791091e-16,-1.871456909531947e-05,-3.6982938987077023e-16,7.820108057357785
1785484974.4634972,ramp,-8.67927358008457e-16,-1.9198736206164074e-05,-3.7364965979040905e-16,8.072148197809204
1785484974.9673822,ramp,-8.874103887340736e-16,-1.971994354268322e-05,-3.7770651480223564e-16,8.32407624448822
1785484975.4715023,ramp,-9.070942325491602e-16,-2.0132409595111927e-05,-3.8195588341325554e-16,8.576139940870739
1785484975.9756873,ramp,-9.270097177315367e-16,-2.0713218618106108e-05,-3.8643725106528884e-16,8.8281976276551
1785484976.4793267,ramp,-9.471277974550224e-16,-2.1140997791841864e-05,-3.9113382673178073e-16,9.080049473816967
1785484976.9838362,ramp,-9.674718682590703e-16,-2.168050712214583e-05,-3.9603188917904676e-16,9.332301393833697
1785484977.4877994,ramp,-9.880263061196848e-16,-2.2206707812993686e-05,-4.011582461658341e-16,9.584260549143933
1785484977.991579,ramp,-1.0087986725079006e-15,-2.2665688822704063e-05,-4.065054806635754e-16,9.83617161112087
1785484978.4953885,ramp,-1.0297898110426506e-15,-2.3273352035795086e-05,-4.120707281636215e-16,10.088094922181716
1785484978.9994283,ramp,-1.0509891903038707e-15,-2.371961681165815e-05,-4.1783938414513926e-16,10.340097311190684
1785485031.3192923,ramp,-4.428093701183241e-15,-0.00011131161245341851,-4.427839351369086e-15,0.004042536081943554
1785485031.8233132,ramp,-4.471957169198718e-15,-0.00011240400939938473,-4.456271358859024e-15,0.2560563190969849
1785485032.3272474,ramp,-4.516028876245072e-15,-0.0001135893124898517,-4.484914474069088e-15,0.5080231599550883
1785485032.831513,ramp,-4.560329358993556e-15,-0.00011478321377284508,-4.513775882951347e-15,0.760161176754794
1785485033.3352695,ramp,-4.60482959910321e-15,-0.00011589176904442167,-4.5428541372393995e-15,1.0120202099536728
1785485033.8392217,ramp,-4.649565011403962e-15,-0.00011715764777522871,-4.5721589138540146e-15,1.2640203488372102
1785485034.3432257,ramp,-4.694498225572667e-15,-0.00011826566806651325,-4.601662047095826e-15,1.516011585673181
1785485034.8473926,ramp,-4.7396626235487986e-15,-0.00011950456082633261,-4.6313906048681715e-15,1.768096747766139
1785485035.3512685,ramp,-4.785033281917992e-15,-0.00012070268586438963,-4.6613340728981144e-15,2.020040687618701
1785485035.8560052,ramp,-4.83062457446755e-15,-0.00012186072928142511,-4.691474634337848e-15,2.2723691175116856
1785485036.359563,ramp,-4.876433162266342e-15,-0.00012314914230461983,-4.721866097757893e-15,2.5241485774659718
1785485036.8634393,ramp,-4.922451968563518e-15,-0.00012427988071018168,-4.75245691807427e-15,2.7761055785177273
1785485037.367441,ramp,-4.9686968134005035e-15,-0.0001255681292616982,-4.783270419177135e-15,3.0281172583325304
1785485037.8715055,ramp,-5.0151466353280865e-15,-0.00012677051774725675,-4.814288970365235e-15,3.2801278319145037
1785485038.3755033,ramp,-5.061823046801188e-15,-0.00012798221095610535,-4.8455349432377206e-15,3.532124806332745
1785485038.8799589,ramp,-5.108706956188877e-15,-0.00012928609793497588,-4.8769765742946e-15,3.784315046024868
1785485039.3833978,ramp,-5.155815396630488e-15,-0.0001304472915183441,-4.908669970704631e-15,4.036060658551072
1785485039.8874457,ramp,-5.203131056511905e-15,-0.0001317789064115215,-4.9405547759159986e-15,4.288064307977133
1785485040.3916345,ramp,-5.2506724998375106e-15,-0.00013298791554554223,-4.97265812350352e-15,4.540186335624188
1785485040.8954036,ramp,-5.29842052688399e-15,-0.00013425526826494458,-5.004982332562999e-15,4.792075131557296
1785485041.3994823,ramp,-5.346394646495535e-15,-0.00013556887942299775,-5.037523663146602e-15,5.044110389448824
1785485041.9033072,ramp,-5.394575721893171e-15,-0.00013676820725645655,-5.070279059193982e-15,5.296029651775654
1785485042.407344,ramp,-5.4429803733733095e-15,-0.00013813598652376205,-5.103252425335711e-15,5.548040298385424
1785485042.911703,ramp,-5.491597769252961e-15,-0.00013935607553866136,-5.1364289151837375e-15,5.8002082105290755
1785485043.415547,ramp,-5.540428945330827e-15,-0.00014067876579515148,-5.169834200226899e-15,6.05213080656288
1785485043.9198296,ramp,-5.5894859009959605e-15,-0.00014199818049321085,-5.203462067692209e-15,6.3041056195410645
1785485044.423727,ramp,-5.638743924932764e-15,-0.00014324256924184032,-5.237282711238375e-15,6.556215929298129
1785485044.9274158,ramp,-5.688236640462936e-15,-0.00014463875056065464,-5.271353119770542e-15,6.808079920079701
1785485045.4316695,ramp,-5.737926579777787e-15,-0.00014587607542101256,-5.305606452437913e-15,7.060177600715961
1785485045.93531,ramp,-5.787849241229748e-15,-0.000147251480792179,-5.340107653629663e-15,7.312027783995893
1785485046.4393556,ramp,-5.83797757584412e-15,-0.00014857496017677989,-5.374804243039408e-15,7.564045985090788
1785485046.9435182,ramp,-5.888325148393435e-15,-0.00014986995832205725,-5.409717500972859e-15,7.816106176336844
1785485047.4472148,ramp,-5.9388938697025346e-15,-0.00015128692127323198,-5.4448637473962865e-15,8.067972888150443
1785485047.951442,ramp,-5.989667327000622e-15,-0.00015254877638763744,-5.480200400961373e-15,8.320073762907267
1785485048.45548,ramp,-6.040672912536607e-15,-0.00015397221319832604,-5.515774467576108e-15,8.57208816855676
1785485048.95973,ramp,-6.091877524463485e-15,-0.00015530035520475914,-5.551541939994652e-15,8.824194460654011
1785485049.463376,ramp,-6.143313671569422e-15,-0.00015664963249383134,-5.587556948016783e-15,9.076039424853285
1785485049.9672136,ramp,-6.1949542930316645e-15,-0.0001580805873574564,-5.6237716419470026e-15,9.327962508668929
1785485050.471528,ramp,-6.2468210218671334e-15,-0.00015937474487916206,-5.660198968440378e-15,9.580105789630426
1785485050.975206,ramp,-6.2988945359953745e-15,-0.00016083989350323174,-5.696850511345946e-15,9.831964227817373
1785485051.4793923,ramp,-6.3511935088891015e-15,-0.00016217557641167138,-5.733714410479579e-15,10.08403677614478
1785485051.983821,ramp,-6.403699729785925e-15,-0.0001635805936966897,-5.770775995318804e-15,10.336265419307122
1785485052.4875238,ramp,-6.456431964807155e-15,-0.00016502019452518948,-5.808088266469891e-15,10.588091100487237
1785485052.9910975,ramp,-6.509371189347263e-15,-0.00016635420102876022,-5.845608906738502e-15,10.839894356705953
1785485053.4957194,ramp,-6.5625332202344715e-15,-0.00016785367866149048,-5.883323250392268e-15,11.09217273489098
1785485053.999191,ramp,-6.615910225874805e-15,-0.0001692017985395431,-5.9212834455307945e-15,11.34394700913896
1785485054.5035033,ramp,-6.669497698891755e-15,-0.0001706616776840499,-5.959431304521202e-15,11.596093581448232
1785485055.0074246,ramp,-6.723315435903467e-15,-0.00017210650421942622,-5.9978216322097515e-15,11.848040850877982
1785485055.5116932,ramp,-6.777328083147879e-15,-0.00017348699839860168,-6.036396935560845e-15,12.100150428483168
1785485056.0151043,ramp,-6.831582911260852e-15,-0.00017501302742615029,-6.075237529882714e-15,12.351882443942788
1785485129.7439067,ramp,-1.7097551381776348e-14,-0.00045050872074682286,-1.7097195540218298e-14,0.005360824935564212
1785485130.247204,ramp,-1.718368045806892e-14,-0.00045277206006617056,-1.7167913652879525e-14,0.2570386973231736
1785485130.7512922,ramp,-1.727000777010554e-14,-0.00045511877659638753,-1.723880808099517e-14,0.509074471830093
1785485131.2555792,ramp,-1.7356577273307344e-14,-0.00045748318713890426,-1.7309938729314664e-14,0.7612077418418528
1785485131.7604706,ramp,-1.7443333446827842e-14,-0.00045975639186127473,-1.738123950006854e-14,1.0136113505188442
1785485132.263281,ramp,-1.7530335654382375e-14,-0.0004621876525050618,-1.7452844072812524e-14,1.2650713788224095
1785485132.7672102,ramp,-1.7617531568909522e-14,-0.00046446562578522947,-1.7524613585342504e-14,1.5170013642234579
1785485133.2714748,ramp,-1.7704955048233175e-14,-0.0004668659801161534,-1.7596598041896178e-14,1.769137340105089
1785485133.7750783,ramp,-1.7792600181077872e-14,-0.00046923525915386295,-1.766882391161925e-14,2.0209506475151993
1785485134.2793605,ramp,-1.7880440852786695e-14,-0.000471556552742714,-1.774122545106614e-14,2.2730884905969155
1785485134.783584,ramp,-1.7968532241597485e-14,-0.00047401179702657813,-1.781388019673213e-14,2.5251855493602
1785485135.2875273,ramp,-1.805679875532054e-14,-0.00047631117809574517,-1.7886718330303345e-14,2.777147819070928
1785485135.7914114,ramp,-1.8145324104423455e-14,-0.0004787613814873587,-1.7959815956206155e-14,3.0290992091232734
1785485136.2954795,ramp,-1.823403003403839e-14,-0.0004811351348042969,-1.8033089629654003e-14,3.2811247045945047
1785485136.7995281,ramp,-1.8322978067174054e-14,-0.0004835089610631905,-1.8106609341033537e-14,3.5330859461857265
1785485137.303463,ramp,-1.841212953333557e-14,-0.00048598108250455513,-1.818032823715102e-14,3.785116469288284
1785485137.8075244,ramp,-1.8501500133282434e-14,-0.0004883093998323422,-1.8254267632053576e-14,4.037124844057809
1785485138.3113794,ramp,-1.859109181593365e-14,-0.0004908038563077728,-1.8328431664499326e-14,4.289074997764176
1785485138.8154035,ramp,-1.8680892357044857e-14,-0.0004931839819761426,-1.8402799927545054e-14,4.541100844490924
1785485139.31922,ramp,-1.8770917152624738e-14,-0.0004956127269735427,-1.847740128471005e-14,4.792982280148697
1785485139.8240726,ramp,-1.8861154256191208e-14,-0.0004980957960637962,-1.8552183489172895e-14,5.045377453520342
1785485140.3272817,ramp,-1.895161022568505e-14,-0.0005004606511397402,-1.8627230042521706e-14,5.29702995202281
1785485140.8312721,ramp,-1.9042278739545332e-14,-0.0005029924648893191,-1.8702469015615412e-14,5.549010943577897
1785485141.3353047,ramp,-1.913317454401606e-14,-0.0005053829792582936,-1.8777932928892235e-14,5.801030461823598
1785485141.8395946,ramp,-1.9224266934932822e-14,-0.0005078667572961773,-1.885358725326877e-14,6.053150737864591
1785485142.3432748,ramp,-1.931560629344583e-14,-0.0005103565563796183,-1.8929504428874656e-14,6.305011608470476
1785485142.8476627,ramp,-1.9407124111028253e-14,-0.0005127649360865822,-1.9005581727297032e-14,6.557172014231089
1785485143.3517525,ramp,-1.9498899859314866e-14,-0.0005153265359051492,-1.9081925358106367e-14,6.809195056879317
1785485143.855354,ramp,-1.9590855396268106e-14,-0.0005177332082499825,-1.9158460266938265e-14,7.061030619033266
1785485144.359492,ramp,-1.9683053124865193e-14,-0.0005202698534572301,-1.923522333784469e-14,7.313095171468869
1785485144.8636813,ramp,-1.977545783281821e-14,-0.0005227642562807874,-1.93121920888025e-14,7.565180985400397
1785485145.3675778,ramp,-1.9868071456434347e-14,-0.0005252219014295411,-1.9389378324993866e-14,7.817126884383666
1785485145.8724346,ramp,-1.9960926268013673e-14,-0.0005278057256843848,-1.9466791303509672e-14,8.069308572371849
1785485146.3756266,ramp,-2.0053961720338216e-14,-0.0005302355547396046,-1.954440579193754e-14,8.321149594996408
1785485146.8794436,ramp,-2.0147253397010543e-14,-0.000532820818829971,-1.9622271884152637e-14,8.573065921666217
1785485147.3842428,ramp,-2.0240725692896096e-14,-0.0005353199805970889,-1.9700299040317596e-14,8.825301696125054
1785485147.8873403,ramp,-2.0334442755552565e-14,-0.00053783086772324,-1.9778603460466057e-14,9.077006739101455
1785485148.3918645,ramp,-2.0428359526607947e-14,-0.0005404300478500908,-1.9857074902014782e-14,9.32924551298346
1785485148.8955507,ramp,-2.0522500273577803e-14,-0.0005428906276735469,-1.9935793838350168e-14,9.581100333134838
1785485149.3994188,ramp,-2.0616856260706153e-14,-0.0005455185657713067,-2.0014723547572238e-14,9.833027942013148
1785485149.9033985,ramp,-2.0711429325802112e-14,-0.0005480249067153411,-2.0093866298158462e-14,10.085021595225731
1785485150.407686,ramp,-2.0806215750938135e-14,-0.00055059088992482,-2.017321359103255e-14,10.337159193617827
1785485150.9129415,ramp,-2.0901226839310243e-14,-0.0005531998706659802,-2.0252796094867832e-14,10.58912449158899
1785485151.4152584,ramp,-2.09964434098304e-14,-0.0005556987032129876,-2.0332592095662357e-14,10.84095900790842
1785485151.9194078,ramp,-2.1091887630781992e-14,-0.00055836221267693,-2.0412601242853853e-14,11.09303022840927
1785485152.4234052,ramp,-2.1187544531008374e-14,-0.0005608801968601922,-2.049282898918524e-14,11.345004915701578
1785485152.9271665,ramp,-2.128340988156247e-14,-0.0005635008419483683,-2.0573270616645362e-14,11.596890808621552
1785485153.4313855,ramp,-2.1379515344891037e-14,-0.0005661158822464281,-2.065393795503799e-14,11.849011907074601
1785485153.9355412,ramp,-2.1475800135602967e-14,-0.0005686596988741771,-2.073479553351228e-14,12.100954858863442
1785485154.4395175,ramp,-2.157234796783773e-14,-0.0005713511622978526,-2.081590686859152e-14,12.353049297221796
1785485154.9433928,ramp,-2.166906555154965e-14,-0.0005738868918499699,-2.0897196707204945e-14,12.60500095937585
1785485155.4474692,ramp,-2.1766039081363084e-14,-0.0005765595174897624,-2.0978738024648072e-14,12.857025440719022
1785485155.9516153,ramp,-2.1863204802013168e-14,-0.0005791790268298225,-2.1060469014612858e-14,13.109091102383388
1785485156.4553714,ramp,-2.1960593881859057e-14,-0.0005817731800624861,-2.1142435035615977e-14,13.360966173749869
1785485156.9594443,ramp,-2.2058210830532107e-14,-0.0005844851542675494,-2.1224618793790578e-14,13.613006589789276
1785485157.4634857,ramp,-2.2156019871856567e-14,-0.0005870458159285814,-2.1306996754161613e-14,13.865012705656545
1785485157.9676063,ramp,-2.2254077836823094e-14,-0.0005897657379823272,-2.1389619740261075e-14,14.117082320024041
1785485158.471454,ramp,-2.2352319760326963e-14,-0.000592390417936335,-2.1472434772703708e-14,14.369019945740817
1785485158.9754572,ramp,-2.245080625060585e-14,-0.0005950383984898391,-2.1555491941199932e-14,14.620997244850411
1785485159.4795587,ramp,-2.2549489014190036e-14,-0.0005977642871586108,-2.1638740740542512e-14,14.873050283160046
1785485159.9836142,ramp,-2.2648402956409235e-14,-0.0006003575012587017,-2.172222310544475e-14,15.125064472706566
1785485160.487979,ramp,-2.2747521969766883e-14,-0.0006031184579135615,-2.180590031493673e-14,15.377245506725192
1785485160.99127,ramp,-2.2846870809467672e-14,-0.0006057512362950027,-2.188983795012387e-14,15.628926943580295
1785485161.4954836,ramp,-2.2946419224493652e-14,-0.0006084543589351839,-2.1973951583368305e-14,15.880993356096386
1785485161.9997325,ramp,-2.304620724170473e-14,-0.0006111890080823559,-2.2058301169065967e-14,16.133119341730747
1785485162.5033808,ramp,-2.314618589191545e-14,-0.0006138221388708479,-2.2142858468508433e-14,16.38496647914592
1785485163.0073643,ramp,-2.3246405823645988e-14,-0.0006166168579876462,-2.222764908575577e-14,16.636943512307663
1785485163.5114834,ramp,-2.3346826793490796e-14,-0.0006192626217910081,-2.2312640514834002e-14,16.888924389912695
1785485164.015307,ramp,-2.3447464835108434e-14,-0.0006220199082583354,-2.2397848446326892e-14,17.140914454319645
1785485164.5192845,ramp,-2.3548338805085433e-14,-0.0006247600707023564,-2.2483291152863873e-14,17.39292337091837
1785485165.0234258,ramp,-2.3649392646737186e-14,-0.0006274395604307779,-2.2568911986503772e-14,17.644960839210015
1785485165.527485,ramp,-2.375071232886701e-14,-0.0006302604177313264,-2.2654799178883668e-14,17.896989702274528
1785485166.0316365,ramp,-2.385219520711846e-14,-0.0006329255692098452,-2.2740848173187613e-14,18.14904149001917
1785485166.535511,ramp,-2.395394502266691e-14,-0.0006357338385871643,-2.2827170513717727e-14,18.400988468889686
