wall_ts,attack_type,mmsi_used,lat,lon,note
1785069438.2933042,ghost,999999001,-33.72422299498129,150.68073600250935,fabricated vessel
1785069443.2937355,ghost,999999001,-33.72413975156855,150.68077767244435,fabricated vessel
1785069448.2940605,ghost,999999001,-33.72405708720161,150.6808193417833,fabricated vessel
1785069453.2944958,ghost,999999001,-33.72397557314805,150.68086101181365,fabricated vessel
1785069458.294836,ghost,999999001,-33.723895776720894,150.68090268179034,fabricated vessel
1785069463.2951112,ghost,999999001,-33.72381825340589,150.68094435084717,fabricated vessel
1785069468.2954178,ghost,999999001,-33.723743539589776,150.68098601986821,fabricated vessel
1785069473.2957258,ghost,999999001,-33.72367215329526,150.6810276891972,fabricated vessel
1785069478.2962303,ghost,999999001,-33.723604590637635,150.68106935850238,fabricated vessel
1785069483.2967093,ghost,999999001,-33.72354131644877,150.68111103060897,fabricated vessel
1785069488.2970808,ghost,999999001,-33.72348277793147,150.68115270028963,fabricated vessel
1785069493.2974558,ghost,999999001,-33.72342937742297,150.6811943701273,fabricated vessel
1785069498.2980554,ghost,999999001,-33.723381485443056,150.68123604032453,fabricated vessel
1785069503.2986116,ghost,999999001,-33.72333943274518,150.68127771284637,fabricated vessel
1785069508.2990935,ghost,999999001,-33.72330351591097,150.68131938306942,fabricated vessel
1785069513.299526,ghost,999999001,-33.72327398175485,150.68136105332826,fabricated vessel
1785069518.3031812,ghost,999999001,-33.72325102275365,150.68140275032377,fabricated vessel
1785069523.3037148,ghost,999999001,-33.72323482743331,150.6814444214727,fabricated vessel
1785069528.3042061,ghost,999999001,-33.72322549192804,150.68148609261368,fabricated vessel
1785069533.304733,ghost,999999001,-33.72322308102023,150.68152776296193,fabricated vessel
1785069538.011598,impersonate,123456789,-33.7229525961531,150.68126344270655,"true=(-33.724223,150.679736)"
1785069540.0120971,impersonate,123456789,-33.7229525961531,150.68126344270655,"true=(-33.724223,150.679736)"
1785069542.0126052,impersonate,123456789,-33.7229525961531,150.68126344270655,"true=(-33.724223,150.679736)"
1785069544.0130765,impersonate,123456789,-33.7229525961531,150.68126344270655,"true=(-33.724223,150.679736)"
1785069546.0136423,impersonate,123456789,-33.7229525961531,150.68126344270655,"true=(-33.724223,150.679736)"
1785069548.014157,impersonate,123456789,-33.7229525961531,150.68126344270655,"true=(-33.724223,150.679736)"
1785069550.0146198,impersonate,123456789,-33.7229525961531,150.68126344270655,"true=(-33.724223,150.679736)"
1785069552.0151248,impersonate,123456789,-33.7229525961531,150.68126344270655,"true=(-33.724223,150.679736)"
1785069554.0155876,impersonate,123456789,-33.7229525961531,150.68126344270655,"true=(-33.724223,150.679736)"
1785069556.0159712,impersonate,123456789,-33.7229525961531,150.68126344270655,"true=(-33.724223,150.679736)"
1785069558.0163124,impersonate,123456789,-33.7229525961531,150.68126344270655,"true=(-33.724223,150.679736)"
1785069560.0167584,impersonate,123456789,-33.7229525961531,150.68126344270655,"true=(-33.724223,150.679736)"
1785069562.017213,impersonate,123456789,-33.7229525961531,150.68126344270655,"true=(-33.724223,150.679736)"
1785069564.0175648,impersonate,123456789,-33.7229525961531,150.68126344270655,"true=(-33.724223,150.679736)"
1785069566.017907,impersonate,123456789,-33.7229525961531,150.68126344270655,"true=(-33.724223,150.679736)"
1785069568.0183537,impersonate,123456789,-33.7229525961531,150.68126344270655,"true=(-33.724223,150.679736)"
1785069570.0187147,impersonate,123456789,-33.7229525961531,150.68126344270655,"true=(-33.724223,150.679736)"
1785069572.0191598,impersonate,123456789,-33.7229525961531,150.68126344270655,"true=(-33.724223,150.679736)"
1785069574.0194972,impersonate,123456789,-33.7229525961531,150.68126344270655,"true=(-33.724223,150.679736)"
1785073923.0561883,ghost,999999001,-33.72422297640053,150.68073601179972,fabricated vessel
1785073928.056646,ghost,999999001,-33.724139732090066,150.68077768221752,fabricated vessel
1785073933.057045,ghost,999999001,-33.72405706663699,150.6808193522101,fabricated vessel
1785073938.0577545,ghost,999999001,-33.72397555335095,150.68086102202986,fabricated vessel
1785073943.0584447,ghost,999999001,-33.72389574795864,150.6809026970094,fabricated vessel
1785073948.0588822,ghost,999999001,-33.72381822403923,150.68094436690464,fabricated vessel
1785073951.9626687,impersonate,123456789,-33.7229525961531,150.68126344270655,"true=(-33.724223,150.679736)"
1785073953.9632301,impersonate,123456789,-33.7229525961531,150.68126344270655,"true=(-33.724223,150.679736)"
1785073955.9639788,impersonate,123456789,-33.7229525961531,150.68126344270655,"true=(-33.724223,150.679736)"
1785073957.9646604,impersonate,123456789,-33.7229525961531,150.68126344270655,"true=(-33.724223,150.679736)"
1785073959.9651508,impersonate,123456789,-33.7229525961531,150.68126344270655,"true=(-33.724223,150.679736)"
1785073961.9656675,impersonate,123456789,-33.7229525961531,150.68126344270655,"true=(-33.724223,150.679736)"
1785073963.9661484,impersonate,123456789,-33.7229525961531,150.68126344270655,"true=(-33.724223,150.679736)"
1785073965.9665093,impersonate,123456789,-33.7229525961531,150.68126344270655,"true=(-33.724223,150.679736)"
1785073967.966837,impersonate,123456789,-33.7229525961531,150.68126344270655,"true=(-33.724223,150.679736)"
1785073969.967161,impersonate,123456789,-33.7229525961531,150.68126344270655,"true=(-33.724223,150.679736)"
1785073971.9674685,impersonate,123456789,-33.7229525961531,150.68126344270655,"true=(-33.724223,150.679736)"
1785073973.9678323,impersonate,123456789,-33.7229525961531,150.68126344270655,"true=(-33.724223,150.679736)"
1785073975.9682279,impersonate,123456789,-33.7229525961531,150.68126344270655,"true=(-33.724223,150.679736)"
1785073977.9685483,impersonate,123456789,-33.7229525961531,150.68126344270655,"true=(-33.724223,150.679736)"
1785073979.9689596,impersonate,123456789,-33.7229525961531,150.68126344270655,"true=(-33.724223,150.679736)"
1785073981.9693265,impersonate,123456789,-33.7229525961531,150.68126344270655,"true=(-33.724223,150.679736)"
1785073983.969693,impersonate,123456789,-33.7229525961531,150.68126344270655,"true=(-33.724223,150.679736)"
1785073985.9700468,impersonate,123456789,-33.7229525961531,150.68126344270655,"true=(-33.724223,150.679736)"
1785073987.9703836,impersonate,123456789,-33.7229525961531,150.68126344270655,"true=(-33.724223,150.679736)"
1785073989.9706964,impersonate,123456789,-33.7229525961531,150.68126344270655,"true=(-33.724223,150.679736)"
1785073991.971079,impersonate,123456789,-33.7229525961531,150.68126344270655,"true=(-33.724223,150.679736)"
1785073993.9714737,impersonate,123456789,-33.7229525961531,150.68126344270655,"true=(-33.724223,150.679736)"
1785073995.971848,impersonate,123456789,-33.7229525961531,150.68126344270655,"true=(-33.724223,150.679736)"
1785073997.9723618,impersonate,123456789,-33.7229525961531,150.68126344270655,"true=(-33.724223,150.679736)"
1785073999.9730382,impersonate,123456789,-33.7229525961531,150.68126344270655,"true=(-33.724223,150.679736)"
1785074001.973509,impersonate,123456789,-33.7229525961531,150.68126344270655,"true=(-33.724223,150.679736)"
1785074003.9740355,impersonate,123456789,-33.7229525961531,150.68126344270655,"true=(-33.724223,150.679736)"
1785074005.9745164,impersonate,123456789,-33.7229525961531,150.68126344270655,"true=(-33.724223,150.679736)"
1785074007.9751117,impersonate,123456789,-33.7229525961531,150.68126344270655,"true=(-33.724223,150.679736)"
1785074009.9755566,impersonate,123456789,-33.7229525961531,150.68126344270655,"true=(-33.724223,150.679736)"
1785074011.9762998,impersonate,123456789,-33.7229525961531,150.68126344270655,"true=(-33.724223,150.679736)"
1785074013.9768376,impersonate,123456789,-33.7229525961531,150.68126344270655,"true=(-33.724223,150.679736)"
1785074015.977166,impersonate,123456789,-33.7229525961531,150.68126344270655,"true=(-33.724223,150.679736)"
1785074017.9774833,impersonate,123456789,-33.7229525961531,150.68126344270655,"true=(-33.724223,150.679736)"
1785074019.977866,impersonate,123456789,-33.7229525961531,150.68126344270655,"true=(-33.724223,150.679736)"
1785074021.9783325,impersonate,123456789,-33.7229525961531,150.68126344270655,"true=(-33.724223,150.679736)"
1785074023.9787579,impersonate,123456789,-33.7229525961531,150.68126344270655,"true=(-33.724223,150.679736)"
1785074025.9792647,impersonate,123456789,-33.7229525961531,150.68126344270655,"true=(-33.724223,150.679736)"
1785074027.9798582,impersonate,123456789,-33.7229525961531,150.68126344270655,"true=(-33.724223,150.679736)"
1785074029.980432,impersonate,123456789,-33.7229525961531,150.68126344270655,"true=(-33.724223,150.679736)"
1785074031.9808836,impersonate,123456789,-33.7229525961531,150.68126344270655,"true=(-33.724223,150.679736)"
1785074033.9813375,impersonate,123456789,-33.7229525961531,150.68126344270655,"true=(-33.724223,150.679736)"
1785074035.9818614,impersonate,123456789,-33.7229525961531,150.68126344270655,"true=(-33.724223,150.679736)"
1785074037.9823678,impersonate,123456789,-33.7229525961531,150.68126344270655,"true=(-33.724223,150.679736)"
1785074039.9827993,impersonate,123456789,-33.7229525961531,150.68126344270655,"true=(-33.724223,150.679736)"
1785074041.983218,impersonate,123456789,-33.7229525961531,150.68126344270655,"true=(-33.724223,150.679736)"
1785074043.9836042,impersonate,123456789,-33.7229525961531,150.68126344270655,"true=(-33.724223,150.679736)"
1785074045.9839954,impersonate,123456789,-33.7229525961531,150.68126344270655,"true=(-33.724223,150.679736)"
1785074047.9843585,impersonate,123456789,-33.7229525961531,150.68126344270655,"true=(-33.724223,150.679736)"
1785074049.984987,impersonate,123456789,-33.7229525961531,150.68126344270655,"true=(-33.724223,150.679736)"
1785074051.9855037,impersonate,123456789,-33.7229525961531,150.68126344270655,"true=(-33.724223,150.679736)"
1785074053.9860587,impersonate,123456789,-33.7229525961531,150.68126344270655,"true=(-33.724223,150.679736)"
1785074055.986456,impersonate,123456789,-33.7229525961531,150.68126344270655,"true=(-33.724223,150.679736)"
1785074057.9869015,impersonate,123456789,-33.7229525961531,150.68126344270655,"true=(-33.724223,150.679736)"
1785074059.9873104,impersonate,123456789,-33.7229525961531,150.68126344270655,"true=(-33.724223,150.679736)"
1785074061.9876244,impersonate,123456789,-33.7229525961531,150.68126344270655,"true=(-33.724223,150.679736)"
1785074063.9881213,impersonate,123456789,-33.7229525961531,150.68126344270655,"true=(-33.724223,150.679736)"
1785074065.9886286,impersonate,123456789,-33.7229525961531,150.68126344270655,"true=(-33.724223,150.679736)"
1785074067.989709,impersonate,123456789,-33.7229525961531,150.68126344270655,"true=(-33.724223,150.679736)"
1785074069.9904835,impersonate,123456789,-33.7229525961531,150.68126344270655,"true=(-33.724223,150.679736)"
1785074071.9910946,impersonate,123456789,-33.7229525961531,150.68126344270655,"true=(-33.724223,150.679736)"
1785074073.9915924,impersonate,123456789,-33.7229525961531,150.68126344270655,"true=(-33.724223,150.679736)"
1785074075.9920905,impersonate,123456789,-33.7229525961531,150.68126344270655,"true=(-33.724223,150.679736)"
1785074077.992634,impersonate,123456789,-33.7229525961531,150.68126344270655,"true=(-33.724223,150.679736)"
1785074079.993058,impersonate,123456789,-33.7229525961531,150.68126344270655,"true=(-33.724223,150.679736)"
1785074081.9933946,impersonate,123456789,-33.7229525961531,150.68126344270655,"true=(-33.724223,150.679736)"
1785074083.9936855,impersonate,123456789,-33.7229525961531,150.68126344270655,"true=(-33.724223,150.679736)"
1785074085.9942768,impersonate,123456789,-33.7229525961531,150.68126344270655,"true=(-33.724223,150.679736)"
1785074087.9953654,impersonate,123456789,-33.7229525961531,150.68126344270655,"true=(-33.724223,150.679736)"
1785074089.9992342,impersonate,123456789,-33.7229525961531,150.68126344270655,"true=(-33.724223,150.679736)"
1785074091.999787,impersonate,123456789,-33.7229525961531,150.68126344270655,"true=(-33.724223,150.679736)"
1785074094.000259,impersonate,123456789,-33.7229525961531,150.68126344270655,"true=(-33.724223,150.679736)"
1785074096.0006118,impersonate,123456789,-33.7229525961531,150.68126344270655,"true=(-33.724223,150.679736)"
1785074098.001092,impersonate,123456789,-33.7229525961531,150.68126344270655,"true=(-33.724223,150.679736)"
1785074100.001621,impersonate,123456789,-33.7229525961531,150.68126344270655,"true=(-33.724223,150.679736)"
1785074102.0020702,impersonate,123456789,-33.7229525961531,150.68126344270655,"true=(-33.724223,150.679736)"
1785074104.0024786,impersonate,123456789,-33.7229525961531,150.68126344270655,"true=(-33.724223,150.679736)"
1785074106.0029104,impersonate,123456789,-33.7229525961531,150.68126344270655,"true=(-33.724223,150.679736)"
1785074108.003361,impersonate,123456789,-33.7229525961531,150.68126344270655,"true=(-33.724223,150.679736)"
1785074110.003841,impersonate,123456789,-33.7229525961531,150.68126344270655,"true=(-33.724223,150.679736)"
1785074112.0042872,impersonate,123456789,-33.7229525961531,150.68126344270655,"true=(-33.724223,150.679736)"
1785074114.0046074,impersonate,123456789,-33.7229525961531,150.68126344270655,"true=(-33.724223,150.679736)"
1785074116.005156,impersonate,123456789,-33.7229525961531,150.68126344270655,"true=(-33.724223,150.679736)"
1785074118.005906,impersonate,123456789,-33.7229525961531,150.68126344270655,"true=(-33.724223,150.679736)"
1785074120.006476,impersonate,123456789,-33.7229525961531,150.68126344270655,"true=(-33.724223,150.679736)"
1785074122.0069053,impersonate,123456789,-33.7229525961531,150.68126344270655,"true=(-33.724223,150.679736)"
1785074124.007339,impersonate,123456789,-33.7229525961531,150.68126344270655,"true=(-33.724223,150.679736)"
1785074126.0082598,impersonate,123456789,-33.7229525961531,150.68126344270655,"true=(-33.724223,150.679736)"
1785074128.0105982,impersonate,123456789,-33.7229525961531,150.68126344270655,"true=(-33.724223,150.679736)"
1785074130.0113912,impersonate,123456789,-33.7229525961531,150.68126344270655,"true=(-33.724223,150.679736)"
1785074132.0123608,impersonate,123456789,-33.7229525961531,150.68126344270655,"true=(-33.724223,150.679736)"
1785074134.013263,impersonate,123456789,-33.7229525961531,150.68126344270655,"true=(-33.724223,150.679736)"
1785074136.0140467,impersonate,123456789,-33.7229525961531,150.68126344270655,"true=(-33.724223,150.679736)"
1785074138.0156243,impersonate,123456789,-33.7229525961531,150.68126344270655,"true=(-33.724223,150.679736)"
1785074140.0170667,impersonate,123456789,-33.7229525961531,150.68126344270655,"true=(-33.724223,150.679736)"
1785074142.0183556,impersonate,123456789,-33.7229525961531,150.68126344270655,"true=(-33.724223,150.679736)"
1785074144.0189438,impersonate,123456789,-33.7229525961531,150.68126344270655,"true=(-33.724223,150.679736)"
1785074146.0204022,impersonate,123456789,-33.7229525961531,150.68126344270655,"true=(-33.724223,150.679736)"
1785074148.021115,impersonate,123456789,-33.7229525961531,150.68126344270655,"true=(-33.724223,150.679736)"
1785074150.0224218,impersonate,123456789,-33.7229525961531,150.68126344270655,"true=(-33.724223,150.679736)"
1785074152.0232835,impersonate,123456789,-33.7229525961531,150.68126344270655,"true=(-33.724223,150.679736)"
1785074154.0239198,impersonate,123456789,-33.7229525961531,150.68126344270655,"true=(-33.724223,150.679736)"
1785074156.0246005,impersonate,123456789,-33.7229525961531,150.68126344270655,"true=(-33.724223,150.679736)"
1785074158.0254583,impersonate,123456789,-33.7229525961531,150.68126344270655,"true=(-33.724223,150.679736)"
1785074160.0262187,impersonate,123456789,-33.7229525961531,150.68126344270655,"true=(-33.724223,150.679736)"
1785074162.0302532,impersonate,123456789,-33.7229525961531,150.68126344270655,"true=(-33.724223,150.679736)"
1785074164.0309093,impersonate,123456789,-33.7229525961531,150.68126344270655,"true=(-33.724223,150.679736)"
1785074166.0314443,impersonate,123456789,-33.7229525961531,150.68126344270655,"true=(-33.724223,150.679736)"
1785074168.0320294,impersonate,123456789,-33.7229525961531,150.68126344270655,"true=(-33.724223,150.679736)"
1785074170.0328262,impersonate,123456789,-33.7229525961531,150.68126344270655,"true=(-33.724223,150.679736)"
1785074172.0335464,impersonate,123456789,-33.7229525961531,150.68126344270655,"true=(-33.724223,150.679736)"
1785074174.0341299,impersonate,123456789,-33.7229525961531,150.68126344270655,"true=(-33.724223,150.679736)"
1785074176.0358307,impersonate,123456789,-33.7229525961531,150.68126344270655,"true=(-33.724223,150.679736)"
1785074178.0367,impersonate,123456789,-33.7229525961531,150.68126344270655,"true=(-33.724223,150.679736)"
1785074180.037485,impersonate,123456789,-33.7229525961531,150.68126344270655,"true=(-33.724223,150.679736)"
1785074182.0381885,impersonate,123456789,-33.7229525961531,150.68126344270655,"true=(-33.724223,150.679736)"
1785074184.0389404,impersonate,123456789,-33.7229525961531,150.68126344270655,"true=(-33.724223,150.679736)"
1785074186.0396621,impersonate,123456789,-33.7229525961531,150.68126344270655,"true=(-33.724223,150.679736)"
1785074188.0401406,impersonate,123456789,-33.7229525961531,150.68126344270655,"true=(-33.724223,150.679736)"
1785074190.0409858,impersonate,123456789,-33.7229525961531,150.68126344270655,"true=(-33.724223,150.679736)"
1785074192.0415509,impersonate,123456789,-33.7229525961531,150.68126344270655,"true=(-33.724223,150.679736)"
1785074194.0420768,impersonate,123456789,-33.7229525961531,150.68126344270655,"true=(-33.724223,150.679736)"
1785074196.042621,impersonate,123456789,-33.7229525961531,150.68126344270655,"true=(-33.724223,150.679736)"
1785074198.0429945,impersonate,123456789,-33.7229525961531,150.68126344270655,"true=(-33.724223,150.679736)"
1785074200.043391,impersonate,123456789,-33.7229525961531,150.68126344270655,"true=(-33.724223,150.679736)"
1785074202.043973,impersonate,123456789,-33.7229525961531,150.68126344270655,"true=(-33.724223,150.679736)"
1785074204.0444088,impersonate,123456789,-33.7229525961531,150.68126344270655,"true=(-33.724223,150.679736)"
1785074206.0449333,impersonate,123456789,-33.7229525961531,150.68126344270655,"true=(-33.724223,150.679736)"
1785074208.045576,impersonate,123456789,-33.7229525961531,150.68126344270655,"true=(-33.724223,150.679736)"
1785074210.0461683,impersonate,123456789,-33.7229525961531,150.68126344270655,"true=(-33.724223,150.679736)"
1785074212.046748,impersonate,123456789,-33.7229525961531,150.68126344270655,"true=(-33.724223,150.679736)"
1785074214.0473266,impersonate,123456789,-33.7229525961531,150.68126344270655,"true=(-33.724223,150.679736)"
1785074216.0480607,impersonate,123456789,-33.7229525961531,150.68126344270655,"true=(-33.724223,150.679736)"
1785074218.048478,impersonate,123456789,-33.7229525961531,150.68126344270655,"true=(-33.724223,150.679736)"
1785074220.0488596,impersonate,123456789,-33.7229525961531,150.68126344270655,"true=(-33.724223,150.679736)"
1785074222.0491605,impersonate,123456789,-33.7229525961531,150.68126344270655,"true=(-33.724223,150.679736)"
1785074224.0495605,impersonate,123456789,-33.7229525961531,150.68126344270655,"true=(-33.724223,150.679736)"
1785074226.0502381,impersonate,123456789,-33.7229525961531,150.68126344270655,"true=(-33.724223,150.679736)"
1785074228.050945,impersonate,123456789,-33.7229525961531,150.68126344270655,"true=(-33.724223,150.679736)"
1785074230.051595,impersonate,123456789,-33.7229525961531,150.68126344270655,"true=(-33.724223,150.679736)"
1785074232.052385,impersonate,123456789,-33.7229525961531,150.68126344270655,"true=(-33.724223,150.679736)"
1785074234.0532606,impersonate,123456789,-33.7229525961531,150.68126344270655,"true=(-33.724223,150.679736)"
1785074236.053717,impersonate,123456789,-33.7229525961531,150.68126344270655,"true=(-33.724223,150.679736)"
1785074238.05424,impersonate,123456789,-33.7229525961531,150.68126344270655,"true=(-33.724223,150.679736)"
1785074240.0552714,impersonate,123456789,-33.7229525961531,150.68126344270655,"true=(-33.724223,150.679736)"
1785074242.056063,impersonate,123456789,-33.7229525961531,150.68126344270655,"true=(-33.724223,150.679736)"
1785074244.056706,impersonate,123456789,-33.7229525961531,150.68126344270655,"true=(-33.724223,150.679736)"
1785074246.057378,impersonate,123456789,-33.7229525961531,150.68126344270655,"true=(-33.724223,150.679736)"
1785074248.058057,impersonate,123456789,-33.7229525961531,150.68126344270655,"true=(-33.724223,150.679736)"
1785074250.059053,impersonate,123456789,-33.7229525961531,150.68126344270655,"true=(-33.724223,150.679736)"
1785074252.0598142,impersonate,123456789,-33.7229525961531,150.68126344270655,"true=(-33.724223,150.679736)"
1785074254.0612762,impersonate,123456789,-33.7229525961531,150.68126344270655,"true=(-33.724223,150.679736)"
1785074256.0618038,impersonate,123456789,-33.7229525961531,150.68126344270655,"true=(-33.724223,150.679736)"
1785074258.0622926,impersonate,123456789,-33.7229525961531,150.68126344270655,"true=(-33.724223,150.679736)"
1785074260.0628505,impersonate,123456789,-33.7229525961531,150.68126344270655,"true=(-33.724223,150.679736)"
1785074262.0637019,impersonate,123456789,-33.7229525961531,150.68126344270655,"true=(-33.724223,150.679736)"
1785074264.064388,impersonate,123456789,-33.7229525961531,150.68126344270655,"true=(-33.724223,150.679736)"
1785074266.064806,impersonate,123456789,-33.7229525961531,150.68126344270655,"true=(-33.724223,150.679736)"
1785074268.0655527,impersonate,123456789,-33.7229525961531,150.68126344270655,"true=(-33.724223,150.679736)"
1785074270.066437,impersonate,123456789,-33.7229525961531,150.68126344270655,"true=(-33.724223,150.679736)"
1785074272.0669606,impersonate,123456789,-33.7229525961531,150.68126344270655,"true=(-33.724223,150.679736)"
1785074274.0674107,impersonate,123456789,-33.7229525961531,150.68126344270655,"true=(-33.724223,150.679736)"
1785074276.0680015,impersonate,123456789,-33.7229525961531,150.68126344270655,"true=(-33.724223,150.679736)"
1785074278.070212,impersonate,123456789,-33.7229525961531,150.68126344270655,"true=(-33.724223,150.679736)"
1785074280.070748,impersonate,123456789,-33.7229525961531,150.68126344270655,"true=(-33.724223,150.679736)"
1785074282.0713577,impersonate,123456789,-33.7229525961531,150.68126344270655,"true=(-33.724223,150.679736)"
1785074284.0721903,impersonate,123456789,-33.7229525961531,150.68126344270655,"true=(-33.724223,150.679736)"
1785074286.0734155,impersonate,123456789,-33.7229525961531,150.68126344270655,"true=(-33.724223,150.679736)"
1785074288.0743437,impersonate,123456789,-33.7229525961531,150.68126344270655,"true=(-33.724223,150.679736)"
1785074290.0748763,impersonate,123456789,-33.7229525961531,150.68126344270655,"true=(-33.724223,150.679736)"
1785074292.0754187,impersonate,123456789,-33.7229525961531,150.68126344270655,"true=(-33.724223,150.679736)"
1785074294.0758405,impersonate,123456789,-33.7229525961531,150.68126344270655,"true=(-33.724223,150.679736)"
1785074296.0762036,impersonate,123456789,-33.7229525961531,150.68126344270655,"true=(-33.724223,150.679736)"
1785074298.0765865,impersonate,123456789,-33.7229525961531,150.68126344270655,"true=(-33.724223,150.679736)"
1785074300.0771363,impersonate,123456789,-33.7229525961531,150.68126344270655,"true=(-33.724223,150.679736)"
1785074302.077923,impersonate,123456789,-33.7229525961531,150.68126344270655,"true=(-33.724223,150.679736)"
1785074304.078339,impersonate,123456789,-33.7229525961531,150.68126344270655,"true=(-33.724223,150.679736)"
1785074306.078844,impersonate,123456789,-33.7229525961531,150.68126344270655,"true=(-33.724223,150.679736)"
1785074308.0798616,impersonate,123456789,-33.7229525961531,150.68126344270655,"true=(-33.724223,150.679736)"
1785074310.0810409,impersonate,123456789,-33.7229525961531,150.68126344270655,"true=(-33.724223,150.679736)"
1785074312.0825086,impersonate,123456789,-33.7229525961531,150.68126344270655,"true=(-33.724223,150.679736)"
1785074314.083268,impersonate,123456789,-33.7229525961531,150.68126344270655,"true=(-33.724223,150.679736)"
1785074316.1146686,impersonate,123456789,-33.7229525961531,150.68126344270655,"true=(-33.724223,150.679736)"
1785074318.1153605,impersonate,123456789,-33.7229525961531,150.68126344270655,"true=(-33.724223,150.679736)"
1785074320.1162465,impersonate,123456789,-33.7229525961531,150.68126344270655,"true=(-33.724223,150.679736)"
1785074322.1172876,impersonate,123456789,-33.7229525961531,150.68126344270655,"true=(-33.724223,150.679736)"
1785074324.1179595,impersonate,123456789,-33.7229525961531,150.68126344270655,"true=(-33.724223,150.679736)"
1785074326.1188228,impersonate,123456789,-33.7229525961531,150.68126344270655,"true=(-33.724223,150.679736)"
1785074328.1196225,impersonate,123456789,-33.7229525961531,150.68126344270655,"true=(-33.724223,150.679736)"
1785074330.1205714,impersonate,123456789,-33.7229525961531,150.68126344270655,"true=(-33.724223,150.679736)"
1785074332.1212308,impersonate,123456789,-33.7229525961531,150.68126344270655,"true=(-33.724223,150.679736)"
1785074334.1218634,impersonate,123456789,-33.7229525961531,150.68126344270655,"true=(-33.724223,150.679736)"
1785074336.1224148,impersonate,123456789,-33.7229525961531,150.68126344270655,"true=(-33.724223,150.679736)"
1785074338.1229045,impersonate,123456789,-33.7229525961531,150.68126344270655,"true=(-33.724223,150.679736)"
1785074340.1234653,impersonate,123456789,-33.7229525961531,150.68126344270655,"true=(-33.724223,150.679736)"
1785074342.1237473,impersonate,123456789,-33.7229525961531,150.68126344270655,"true=(-33.724223,150.679736)"
1785074344.1240506,impersonate,123456789,-33.7229525961531,150.68126344270655,"true=(-33.724223,150.679736)"
1785074346.124564,impersonate,123456789,-33.7229525961531,150.68126344270655,"true=(-33.724223,150.679736)"
1785074348.1250658,impersonate,123456789,-33.7229525961531,150.68126344270655,"true=(-33.724223,150.679736)"
1785074350.1254447,impersonate,123456789,-33.7229525961531,150.68126344270655,"true=(-33.724223,150.679736)"
1785074352.1257908,impersonate,123456789,-33.7229525961531,150.68126344270655,"true=(-33.724223,150.679736)"
1785074354.1261783,impersonate,123456789,-33.7229525961531,150.68126344270655,"true=(-33.724223,150.679736)"
1785074356.1264727,impersonate,123456789,-33.7229525961531,150.68126344270655,"true=(-33.724223,150.679736)"
1785074358.1267416,impersonate,123456789,-33.7229525961531,150.68126344270655,"true=(-33.724223,150.679736)"
1785074360.1271546,impersonate,123456789,-33.7229525961531,150.68126344270655,"true=(-33.724223,150.679736)"
1785074362.1275883,impersonate,123456789,-33.7229525961531,150.68126344270655,"true=(-33.724223,150.679736)"
1785074364.1279304,impersonate,123456789,-33.7229525961531,150.68126344270655,"true=(-33.724223,150.679736)"
1785074366.1282623,impersonate,123456789,-33.7229525961531,150.68126344270655,"true=(-33.724223,150.679736)"
1785074368.1286592,impersonate,123456789,-33.7229525961531,150.68126344270655,"true=(-33.724223,150.679736)"
1785074370.1291273,impersonate,123456789,-33.7229525961531,150.68126344270655,"true=(-33.724223,150.679736)"
1785074372.1295347,impersonate,123456789,-33.7229525961531,150.68126344270655,"true=(-33.724223,150.679736)"
1785074374.1303504,impersonate,123456789,-33.7229525961531,150.68126344270655,"true=(-33.724223,150.679736)"
1785074376.1310353,impersonate,123456789,-33.7229525961531,150.68126344270655,"true=(-33.724223,150.679736)"
1785074378.1315742,impersonate,123456789,-33.7229525961531,150.68126344270655,"true=(-33.724223,150.679736)"
1785074380.1321008,impersonate,123456789,-33.7229525961531,150.68126344270655,"true=(-33.724223,150.679736)"
1785074382.1326938,impersonate,123456789,-33.7229525961531,150.68126344270655,"true=(-33.724223,150.679736)"
1785074384.1330905,impersonate,123456789,-33.7229525961531,150.68126344270655,"true=(-33.724223,150.679736)"
1785074386.1334984,impersonate,123456789,-33.7229525961531,150.68126344270655,"true=(-33.724223,150.679736)"
1785074388.1339686,impersonate,123456789,-33.7229525961531,150.68126344270655,"true=(-33.724223,150.679736)"
1785074390.1342998,impersonate,123456789,-33.7229525961531,150.68126344270655,"true=(-33.724223,150.679736)"
1785074392.1347687,impersonate,123456789,-33.7229525961531,150.68126344270655,"true=(-33.724223,150.679736)"
1785088488.4050221,ghost,999999001,-33.72422299456803,150.68073600271597,fabricated vessel
1785088493.4056473,ghost,999999001,-33.72413974755327,150.68077767445897,fabricated vessel
1785088498.406042,ghost,999999001,-33.724057082644315,150.68081934409395,fabricated vessel
1785088503.406449,ghost,999999001,-33.723975568300794,150.68086101431504,fabricated vessel
1785088508.4068182,ghost,999999001,-33.72389577205733,150.68090268425797,fabricated vessel
1785088508.46204,impersonate,123456789,-33.7229525961531,150.68126344270655,"true=(-33.724223,150.679736)"
1785088510.4624157,impersonate,123456789,-33.7229525961531,150.68126344270655,"true=(-33.724223,150.679736)"
1785088512.4628384,impersonate,123456789,-33.7229525961531,150.68126344270655,"true=(-33.724223,150.679736)"
1785088514.4632113,impersonate,123456789,-33.7229525961531,150.68126344270655,"true=(-33.724223,150.679736)"
1785088516.4635596,impersonate,123456789,-33.7229525961531,150.68126344270655,"true=(-33.724223,150.679736)"
1785088518.463959,impersonate,123456789,-33.7229525961531,150.68126344270655,"true=(-33.724223,150.679736)"
1785088520.4643457,impersonate,123456789,-33.7229525961531,150.68126344270655,"true=(-33.724223,150.679736)"
1785088522.4647071,impersonate,123456789,-33.7229525961531,150.68126344270655,"true=(-33.724223,150.679736)"
1785088524.465086,impersonate,123456789,-33.7229525961531,150.68126344270655,"true=(-33.724223,150.679736)"
1785088526.46548,impersonate,123456789,-33.7229525961531,150.68126344270655,"true=(-33.724223,150.679736)"
1785088528.4657593,impersonate,123456789,-33.7229525961531,150.68126344270655,"true=(-33.724223,150.679736)"
